-- phpMyAdmin SQL Dump
-- version 3.2.4
-- http://www.phpmyadmin.net
--
-- Host: localhost
-- Generation Time: Apr 27, 2010 at 05:07 
-- Server version: 5.1.41
-- PHP Version: 5.3.1

SET SQL_MODE="NO_AUTO_VALUE_ON_ZERO";


/*!40101 SET @OLD_CHARACTER_SET_CLIENT=@@CHARACTER_SET_CLIENT */;
/*!40101 SET @OLD_CHARACTER_SET_RESULTS=@@CHARACTER_SET_RESULTS */;
/*!40101 SET @OLD_COLLATION_CONNECTION=@@COLLATION_CONNECTION */;
/*!40101 SET NAMES utf8 */;

--
-- Database: `olympicsc`
--

-- --------------------------------------------------------

--
-- Table structure for table `activity`
--

CREATE TABLE IF NOT EXISTS `activity` (
  `idactivity` int(11) NOT NULL AUTO_INCREMENT,
  `name` varchar(50) COLLATE utf8_danish_ci DEFAULT NULL,
  `description` longtext COLLATE utf8_danish_ci,
  `start` datetime DEFAULT NULL,
  `end` datetime DEFAULT NULL,
  `minimumPlayers` int(11) DEFAULT NULL,
  `minimumTeams` int(11) DEFAULT NULL,
  `location_idlocation` int(11) DEFAULT NULL,
  `canrequestpartner` tinyint(1) NOT NULL DEFAULT '0',
  `responsible` varchar(90) COLLATE utf8_danish_ci DEFAULT NULL,
  `memberprice` int(10) unsigned DEFAULT NULL,
  `notmemberprice` int(10) unsigned DEFAULT NULL,
  `noshowprice` int(10) unsigned DEFAULT NULL,
  PRIMARY KEY (`idactivity`) USING BTREE,
  KEY `fk_activity_location1` (`location_idlocation`)
) ENGINE=InnoDB  DEFAULT CHARSET=utf8 COLLATE=utf8_danish_ci AUTO_INCREMENT=25 ;

--
-- Dumping data for table `activity`
--

INSERT INTO `activity` (`idactivity`, `name`, `description`, `start`, `end`, `minimumPlayers`, `minimumTeams`, `location_idlocation`, `canrequestpartner`, `responsible`, `memberprice`, `notmemberprice`, `noshowprice`) VALUES
(1, 'Morgenmad', 'Hvis du har lyst til at spise morgenmad sammen med dine kollegaer, skal du tilmelde dig og huske at møde op. \r\nBEMÆRK: Dette er en betalbar aktivitet, hvor du bliver trukket ekstra, hvis du tilmelder dig og ikke dukker op!', '2010-08-21 08:45:00', '2010-08-21 09:30:00', 0, 0, 103, 0, 'BPJ', 50, 50, 100),
(2, 'Street basket', 'Gadespillet, hvor du kan kanøfle din chef', '2010-08-21 09:30:00', '2010-08-21 12:30:00', 5, 0, 105, 0, 'MAH', NULL, NULL, NULL),
(5, 'Morgenmad', 'Fælles morgenmad. \r\nHUSK dette er en betalbar aktivitet, hvor du vil blive bonget dobbelt, hvis du ikke dukker op!!!', '2010-08-21 08:45:00', '2010-08-21 09:30:00', 0, 0, 103, 0, 'BJP', 50, 50, 100),
(6, 'Morgenmad', 'Er du tilmeldt morgenmaden og udebliver koster dette kr. XX', '2010-08-21 08:45:00', '2010-08-21 09:30:00', 0, 0, 103, 0, 'Lars Dragsbæk', NULL, NULL, NULL),
(7, 'Morgenmad', 'Er du tilmeldt morgenmaden og udebliver koster dette kr. XX', '2010-08-21 08:45:00', '2010-08-21 09:30:00', 0, 0, 103, 0, 'Lars Dragsbæk', NULL, NULL, NULL),
(8, 'Airhockey', 'Der vil blive en herre og dame pulje', '2010-08-21 09:30:00', '2010-08-21 12:00:00', 0, 0, 104, 0, 'Margit Holk', NULL, NULL, NULL),
(9, 'Backgammon', '', '2010-08-21 13:00:00', '2010-08-21 15:00:00', 0, 0, 103, 0, 'Morten Poulsen', NULL, NULL, NULL),
(10, 'Lawn Volley', '', '2010-08-21 11:30:00', '2010-08-21 14:00:00', 0, 0, 105, 0, 'Mathias Aagaard', NULL, NULL, NULL),
(11, 'Bordfodbold', '', '2010-08-21 12:00:00', '2010-08-21 14:30:00', 2, 0, 104, 1, 'Steffen Arnholtz', NULL, NULL, NULL),
(12, 'Bordtennis', '', '2010-08-21 09:30:00', '2010-08-21 11:30:00', 2, 0, 104, 0, 'Thomas Skovfoged', NULL, NULL, NULL),
(13, 'Dart', '', '2010-08-21 09:30:00', '2010-08-21 11:00:00', 4, 0, 104, 1, 'Stig T. Kristensen', NULL, NULL, NULL),
(14, 'Fodbold', '', '2010-08-21 16:30:00', '2010-08-21 17:45:00', 10, 0, 105, 0, 'Lars Hougaard', NULL, NULL, NULL),
(15, 'Hockey', '', '2010-08-21 13:00:00', '2010-08-21 14:30:00', 0, 0, 108, 0, 'Casper Voldstedslund', NULL, NULL, NULL),
(16, 'Kroket', '', '2010-08-21 13:00:00', '2010-08-21 14:30:00', 4, 0, 106, 1, 'Erik K Petersen', NULL, NULL, NULL),
(17, 'Løb', 'Der er mulighed for at vælge mellem 5 og 10 km (2 runder) distancer. \r\nDer løbes uden ur og vinderen er den der løber tættest på den forudsagte tid.\r\n', '2010-08-21 10:00:00', '2010-08-21 11:00:00', 0, 0, 108, 0, 'Allan Petersen', NULL, NULL, NULL),
(18, 'Petanque', '', '2010-08-21 10:00:00', '2010-08-21 15:00:00', 0, 0, 107, 1, 'Irving Knus', NULL, NULL, NULL),
(19, 'Pool', '', '2010-08-21 11:00:00', '2010-08-21 13:00:00', 2, 0, 104, 0, 'Lene Christensen', NULL, NULL, NULL),
(20, 'Rundbold', '', '2010-08-21 15:00:00', '2010-08-21 16:30:00', 0, 0, 105, 0, 'Frede', NULL, NULL, NULL),
(21, 'Softtennis', '', '2010-08-21 11:00:00', '2010-08-21 15:00:00', 2, 0, 108, 0, 'Jørgen Elkjær', NULL, NULL, NULL),
(22, 'Tovtrækning', '', '2010-08-21 17:45:00', '2010-08-21 18:15:00', 0, 0, 107, 0, 'Lars Lilholt', NULL, NULL, NULL),
(23, 'Trivial Pursuit', '', '2010-08-21 11:00:00', '2010-08-21 14:00:00', 4, 0, 103, 1, 'Lise Rich', NULL, NULL, NULL),
(24, 'Vikinge spil', '', '2010-08-21 11:00:00', '2010-08-21 15:00:00', 0, 0, 106, 1, 'Casper G Christensen', NULL, NULL, NULL);

-- --------------------------------------------------------

--
-- Table structure for table `event`
--

CREATE TABLE IF NOT EXISTS `event` (
  `idevent` int(11) NOT NULL AUTO_INCREMENT,
  `name` varchar(50) COLLATE utf8_danish_ci NOT NULL,
  `description` longtext COLLATE utf8_danish_ci,
  `logo` varchar(255) COLLATE utf8_danish_ci DEFAULT NULL,
  `start` datetime DEFAULT NULL,
  `end` datetime DEFAULT NULL,
  `enabled` tinyint(1) DEFAULT NULL,
  `signstart` datetime DEFAULT NULL,
  `signend` datetime DEFAULT NULL,
  `location_idlocation` int(11) DEFAULT NULL,
  `unsignend` datetime DEFAULT NULL,
  `minimumusers` int(10) unsigned DEFAULT NULL,
  `memberprice` int(10) unsigned DEFAULT NULL COMMENT 'personaleforening',
  `notmemberprice` int(10) unsigned DEFAULT NULL COMMENT 'ikke personaly forening',
  `noshowprice` int(10) unsigned DEFAULT NULL COMMENT 'udeblivelse',
  `logo_idlogo` int(11) DEFAULT NULL,
  PRIMARY KEY (`idevent`) USING BTREE,
  KEY `fk_event_location1` (`location_idlocation`),
  KEY `fk_event_logo1` (`logo_idlogo`)
) ENGINE=InnoDB  DEFAULT CHARSET=utf8 COLLATE=utf8_danish_ci AUTO_INCREMENT=449 ;

--
-- Dumping data for table `event`
--

INSERT INTO `event` (`idevent`, `name`, `description`, `logo`, `start`, `end`, `enabled`, `signstart`, `signend`, `location_idlocation`, `unsignend`, `minimumusers`, `memberprice`, `notmemberprice`, `noshowprice`, `logo_idlogo`) VALUES
(439, 'Olympicsc', '21. august 2010\r\n\r\n\r\nEr du til fest, farver og fibersprængninger – så deltag i OlympiCSC!\r\n\r\n\r\nOlympiCSC afholdes lørdag den 21. august 2010 her på SC.\r\n\r\nDu skal blot tilmelde dig samt vælge, hvilke aktiviteter du ønsker, at deltage i.\r\n\r\nHusk det skal ske inden den 19. maj 2009 – dette er vigtigt for den videre planlægning.\r\n\r\nDeltagelse koster 100,- for medlemmer af Personaleforeningen. Beløbet vil blive trukket\r\nover lønnen – derfor skal personalenummer udfyldes.\r\n\r\nDeltagelse for ikke medlemmer koster 550,- som skal afregnes ved tilmelding.\r\n\r\n(Ved afbud/udeblivelse betales 400,-) \r\n\r\nI arrangementet indgår følgende:\r\n\r\n•	Sport og leg i rigelige mængder\r\n•	1 hold T-shirt.\r\n•	Morgenmad \r\n•	Frokost \r\n•	Festmiddag inkl. vin til maden.\r\n•	Øl / sodavand i løbet af dagen\r\n\r\nTilmeld dig nu og gør dit til, at vi får det lige så sjovt, som vi plejer.\r\n\r\nVi ses / OlympiCSC Komiteen - Personaleforeningen\r\n', NULL, '2010-08-21 08:45:00', '2010-08-21 23:59:00', 0, '2010-04-15 12:00:00', '2010-05-19 12:00:00', 103, '2010-07-30 12:00:00', NULL, 100, 550, 400, NULL);

-- --------------------------------------------------------

--
-- Table structure for table `event_has_activity`
--

CREATE TABLE IF NOT EXISTS `event_has_activity` (
  `event_idevent` int(11) NOT NULL DEFAULT '0',
  `activitiy_idactivity` int(11) NOT NULL DEFAULT '0',
  PRIMARY KEY (`event_idevent`,`activitiy_idactivity`),
  KEY `FK_event_has_activity_2` (`activitiy_idactivity`)
) ENGINE=InnoDB DEFAULT CHARSET=utf8 COLLATE=utf8_danish_ci;

--
-- Dumping data for table `event_has_activity`
--

INSERT INTO `event_has_activity` (`event_idevent`, `activitiy_idactivity`) VALUES
(439, 7),
(439, 8),
(439, 9),
(439, 10),
(439, 11),
(439, 12),
(439, 13),
(439, 14),
(439, 15),
(439, 16),
(439, 17),
(439, 18),
(439, 19),
(439, 20),
(439, 21),
(439, 22),
(439, 23),
(439, 24);

-- --------------------------------------------------------

--
-- Table structure for table `location`
--

CREATE TABLE IF NOT EXISTS `location` (
  `idlocation` int(11) NOT NULL AUTO_INCREMENT,
  `name` varchar(45) COLLATE utf8_danish_ci DEFAULT NULL,
  PRIMARY KEY (`idlocation`)
) ENGINE=InnoDB  DEFAULT CHARSET=utf8 COLLATE=utf8_danish_ci AUTO_INCREMENT=109 ;

--
-- Dumping data for table `location`
--

INSERT INTO `location` (`idlocation`, `name`) VALUES
(103, 'Kantinen'),
(104, 'Kælderen'),
(105, 'Plænen'),
(106, 'Plænen ved glashuset'),
(107, 'Plænen ved pavillonen'),
(108, 'P-pladsen');

-- --------------------------------------------------------

--
-- Table structure for table `logo`
--

CREATE TABLE IF NOT EXISTS `logo` (
  `idLogo` int(11) NOT NULL AUTO_INCREMENT,
  `data` mediumblob NOT NULL,
  `size` bigint(20) unsigned NOT NULL,
  `name` varchar(45) COLLATE utf8_danish_ci NOT NULL,
  `contenttype` varchar(90) COLLATE utf8_danish_ci NOT NULL,
  PRIMARY KEY (`idLogo`)
) ENGINE=InnoDB  DEFAULT CHARSET=utf8 COLLATE=utf8_danish_ci AUTO_INCREMENT=7 ;

--
-- Dumping data for table `logo`
--

INSERT INTO `logo` (`idLogo`, `data`, `size`, `name`, `contenttype`) VALUES
(1, 0xffd8ffe000104a46494600010101004800480000ffdb00430006040506050406060506070706080a100a0a09090a140e0f0c1017141818171416161a1d251f1a1b231c1616202c20232627292a29191f2d302d283025282928ffdb0043010707070a080a130a0a13281a161a2828282828282828282828282828282828282828282828282828282828282828282828282828282828282828282828282828ffc0001108011a011a03012200021101031101ffc4001d000100020301010101000000000000000000060704050803020109ffc400461000010303010503050e05030403010000010002030405110607122131411351611622327181143742525662759195a1b1b3d1d208152372c13382e1244363925373b2f0ffc4001b01010002030101000000000000000000000003050102040607ffc400301100020202010303010607010100000000000102030411210512311341512206143291a1d1617181b1c1f0f1e152ffda000c03010002110311003f00dd6c036554173b647a975353b6aa295c7dc74920cb0b41c191e3e16482003c3033c7231d154d4f052c2d8a9618e189bc991b435a3d816836671b22d9d6976c6d0d06d94cec0ef313493f592a48802222008888022220088880222200888802222008888022220088880222200888802222008888022220088880836d0b66761d636e99b252434973dd3d8d6c3186bdaee9bd8f49be07d982b8eee5a7aeb6eb8d55154505419a9a57c2fdc8dce6ef34907071c464735dfab5d2d92db2caf924a389cf792e7123993cca035db38f7bcd2ff4552fe4b5489477671ef79a5fe8aa5fc96a912008888022220088880222200888802222008888022220088880222d46a3d4968d3747ee9bd57c34919f443cf9cf3dcd68e27d8161b496d994b7c236e995466a0dbcb77dd1e9bb3ba568e02a2b5db80fa9838fd64287d4ed635856bc875c21a36939029e068c7b4e4ae6799527a4f64cb1ec6b7a3a8f2132b95d9adf54bdc1de5256f1eeddc7e0b716eda5eaba5c6f5c61ab68e951037f16e0ad96445fb1a3ada3a41154b62db047238477db73a1cffdea576fb7dad3c7f156659eed4178a51516daa8ea623ccb0f16f811cc1f5a9a3352f068d34672222d8c04444011110044440477671ef79a5fe8aa5fc96a9128eece3def34bfd154bf92d5224011110044440111100444401111004444011110044440111551b6eda149a7695b64b24805e6ad997c8389a688f0defee3d3bb9f728edb23545ce5e0deb83b25db13e76a9b598b4f4d259f4e88ab2f23cd9643e7454a7c7e33be6f4ebdcb9fabe6acb9d7495f77aa9ab2b64e2e966764fa8770f00bee8e93b36173b25e492e713924f52563d5974b9646086753d4af3b7e73b65cf8f82e69c5515a8fe66155d73221bb10df77dc16a67aba9909f3881dc382db1a127a2f9fe58f77a2c24f80512be3ee75aa5234ec9ea19c43ce07305cb614d7098e0b24735c3a6f2f696d32b065d13c0fed58cfa22c3bc3208f052c6f891598f19f8f26ea8ef150cc0906fb7ef52bd37a867a2ab6555b2a1f4f3b7ab4e33e04751eb504a4f3886bbcd7f4f1596d8e589c1ec2438755d95dcd7299596d2e2f4ceadd09aee9efed65256ee4171c7000f9b2f8b7b8f829bae41b1dcde1ec3bc59333041070411d42e8ed9d6aa17fb7f6154e1fcc201e77fe46fc6fd55a556f7a38e51d130444531a0444401111011dd9c7bde697fa2a97f25aa44a3bb38f7bcd2ff4552fe4b548900444401111004444011605eaef4566a27555c676c310e59e6e3dc0752a90d6db66a979920b237dc90f2ed4f190ff00809a05eb5b5f49431efd654c30339e64786a8ed6ed074e529c1aeed4ff00e28dceff000b91aedab6b6a6a5d3cd572be5273bef767f15e349ad698b8475b2b5afe5bc0e41fd16b3ee8ae0cad3f27571daae9b69c39d583c7b03faacca3da5694aa7069bac7038f4a863a3fbc8c7deb9822bcd34a32d94107c17a36aa09b807b4e7a65723ca64be9a3b1292b29ab6112d1cf14f11e4f89e1c3eb0bdd71c5154d65a6a3dd367ada8a29fe340f2dcfac0e07daaced1bb69a8a6923a4d5f076b11e02ba9db8737c5ecea3c47d4b68e5c5bd4b830ea7ec5f28b1adb5f4b73a28ab2df511d4d2ca37992c6ede6b82c95d7e488d5ea7bcd3e9ed3f5f75ac38869223211f18f468f12703dab90d93d5dfaed5978b93b7eaeae432bcf419e4d1e00600f52b7bf89fbd98edf68b042e20d5c86a6603ab19c1a3dae39ff6aae2cd4bb94cc18e4179deb595dad417b16d8156a3dff263cd0e7fa6d1c3aa3283240016ee1a4cf4e254834eda454d68df682c8bce23bcaf335593bed8d50f2cb3949550727ec69ed3a543dad9aada7078867eab7f0dae3a7691146c681f342960a401bc941b6c5a9ea749692754d09c56d44829e0711c184e4977b002bda636142a4a315cfc941764ced7b933226859bdb8f2ccf71016aae5a769eb6377f498c908e0f6b70554ba42cdaeb505a6a6f76eb8c9d942e718dd51265d3b87a419907eb3c32ac0d8deb89754c73daaecd8cdd299bda3666b374cb1e7072070de079f7a9acc5535f5c782385d283dc59a0b95924a39cc720e238823aafda319c4538e3c838ab5752d985450b9ed6ff523f381fc54027a1c742bce644e781776fb3f05dd728e5d7f579311d42e63c3a3e614b347dde6b5dca9eae2c8921779cde8e1d47a8ad45be40d2219f9726b8f4f02b6229fb39d8e6f2ce0abbc4be1747bebff00855df54ab7db23a6686a63ada386a6076f452b03da7c0af750ad95d719ec92523ce5d4cff373f15dc7f1ca9aab55c9c4111164044440477671ef79a5fe8aa5fc96a9128eece3def34bfd154bf92d5224011110044440168f576a4a4d356b7d55510e908c45103c5e7f4f15b5afab8a868e6a9a970643134bdc7c02e52daa6b296ef719ea65796c2de0c667831bd02da31d986f46bf687aeaaef1572d4565479a3d16e70d60ee0154574d432cd23840703e33bfc058978b94b5f3b8ef11183c07f95ac2deb95276984cfa9ea259b3da48e77acaf11e2b7967d2f77bbb03e8a89ee88f291fe6b7eb3cd489bb2dbf98c389a4048ce3b451ca518fe266cb6c895aeeb350bb0379f17c5cf2f52995b6e5156441d13c13d4750b4374d177db631d24d40f9626f37c3e781f5715a2827929a612d3b9cc78e7fa2e7b71e172daf26f1b1c4b5a92aa58ce1a723e295b26f6756c38f3641cc28769ebdc35fbb149fd3a8f8a4fa5ea526898e696b9bc0aaab6b954f52475464a5e093688d6175d1173ed690ba6a191d9a8a273bcc9077b7e2bbc7eb5d49a72f943a8acd4f72b5cc25a6986477b0f56b87420f30b901cc74eede70c654c765baa65d1fa8009dc4d9ab1c1b54ce919e4d947abaf87a931733d39fa73f06f6d1df1ee5e4c6dbd56bab36b92405c5cca3a686303bb20b8ff00fa5eb678dd240dc818c2f1da3520aedb1df5a783b7a22d3e1d9b70a416ca07d3b1ac91a41c73ef543d7fbd373d71b2c70e5075a8af27dc34fc07052fd214c04133b1c77805a68e1e0382926947064d242ee05c323d8aa3a15f159f0eef7dafeba66735374bd1b39991c65a1ee6b4b8e1a09c127b877ae619efd72d7f7db9e88d43d84323eae6751553808dd4b2464eeb1c3e1823877f1eaba1369ba4e7d4d618db6d9fdcd78a099b59413e701b337903e04641f5aa66f5a66cfb4cb838cb50dd2daf61023ada0a9186ccf6f27b788247739bc71cfbd7d42b492d9e724f92bfb86a0d51a0edb53a3e3b95bdf1e5d99291ddabe10ef49a1ff049eee632a6ff00c32e93a875456ea49d8e6533a334b4c48ff53882f70ef030067bf2b3f49ff0eb50cb9365d5373825a263b269e8c3b337f738f207ae38ae85a3b7c1454b1535242c869e2686471b061ad68e400589bd70651a8a9a40e85ed23a1559555200e70c7556e5d8b69e86690f4181eb55dcf4f924e1789fb4f74613ae0bce9bfedfb175d313ed9322b514a38f059341382d104c78f2693f82d94f4fe0b57554bc73d55560750963d8a71feabe4eeba98db1ed659fb2e94c577922e92c3f7820ab45545b2d91d2dde9f78ff5191bc3bd5856eafa363db1bab5647c33cddb0709b8b0888a6230888808eece3def34bfd154bf92d52251dd9c7bde697fa2a97f25aa448022220088880aab6e9a83dc76d8ad90bf0e9076b2e3bba0ff002b91758dc1d3d53a16925ade2ef12aebdb25d4d6ea0b84b9cb1ae2c6ff006b787f85cf956e334cf79392e2495d94d5c6c89cb9301b183e910d1d4956cecbb672caca486f37b843a37f9d4d4ef1cc747b87e0143b41d8c6a0d596bb5967992cdbf2bfff001b4648c7b31ed5d6a28591c218c606b00c000721dcb4c96eb5a5e5998f257571bc58ad6f920aab8d0c32c4775d0ba568734e338ddf52fad3b5d41a85b2ff002d92391f1fa6c0f697378f02704f03d152fb53a1b4c3ad5f6ad334f2cd56252da894cae91d34ef3e80cf767eb3e0a7dfcc6d5b23d3b4d6e92215da82a5a269e36103ce3d5c7a347203aae074ed6c95489e4f6a922cef46f611d718557ed3742f6f04d76b6b315518de96368ff51a3991f387deb3f4eedae192b191deadefa0a77fa3510bcbd83d631cbc4655af1320b85232a29dcc9a095a1ec7b4e5ae69ebea5ac232aa5b32da68e37602087349691c411c0853ad29aa1ae7b292e8e01c783263c8f81fd56b368366163d5f72a16371087f6918ee6bb881f8a8fb460f2e0bbaca2362e4d233d728bea9a9779b968c82b3a9ede24cb5cdc82388558688d5d2dbe58e8abf7a6a37700fe6e8ff0050aebb3186ae06cd03db246f00b5cd390550e4e0b84d33beabf7122d11a81aee2158779c69a363243f0dac1ba33e20003d8aebb750455742d648de9c0f505567ab295b4afb6dc80c18270c71f9aee1f8e15ada664125246472216f5571b14abb16d3f9349cdc75289a8aaa0928e5dd90641e4e1c8afca67be095b24670e69c85369a9a3a884c72b720fdca3b5b6b969e58d8c05e1e486901788eb3d06dc09faf8db70fd53dff00ba658e3e5c6e5db3f2486dd571d6c01cde0ef84dee2b53aaf4558355c4c65f6db0553a3ff4e53e6c8cfed78c11f5acfb4519a580ef3bcf7f1233c02cf73a403cc209ee217b4e9f9b6bc78cb256a7ae75fb1597531ef7d9e0d6e99b05269db3c36cb7baa1d4d097167ba2674afe273c5c78ad8c9bac6173c80d1cc958751555cc0772998ef1073f72d1d74b595048a8ed31f17770171e7fda1ab153ed84a52fe4d2fcdff837ab0e53f2d24785fabc5648238b3d8b4ffec7bd68e58b23805b17c78caf173382f9ce5675b9773bad7cbff745dd508d71518f8351343c392d754c193c96fe58d62f61bcfc91c96d449ca49225d923d95d191769e6c708e1c7b49ff8568a8aecf283dcb687d43861d52fde1fda380ff2a54beb5d36b7563422fe0f37952eeb5b41111771ce1111011dd9c7bde697fa2a97f25aa44a3bb38f7bcd2ff4552fe4b5489004444017c543fb38247fc5693f72fb5e754ddfa695bdec23ee4071ced01ee91b58f3cdd93f7aa9dcc1bdc15e1b4cb14f6f7ccc91a4c52b4ba293a3bc3d6a997c5871e0af3160a51e0e493e4b03f87a858eda20dff4bdc72eee7bf82bd369b73acd3da22e971b5d2c9535914788db1b4bb709e1be40e8de7ec5ce5b33bb374f6b7b55c653bb4ed93b398fcc78dd27d99cfb17633636bdad230411904750b83a956e36465eda25a65b4d1ca9b0ed371c34372d7d7b69929a8592be98bf8991e013249e27e08f12547342582af6a1b42a8abba171a52ff7556bfb999c3221ebe03d40aeb3d57a6e1bc691ba5969c474ccaba67c2ddc686b5848e0703a679fb5733ece75649b26bbde2d1a9acf526695cd2eecc80e0e6820633c1cc39e0415c89ec9095ff11aeb5db7495bad1153c0dab9276be9dac681d8c6c187118e9c4356eff87f86a24d9b52baa378c7db4a20deff00e3dee9e19caa7a486f7b5dda2b9cc6eeba7201238c7454e3bcff00fd9715d616cb550e9cd3f051d3eec3434300682ee1bad68e24fde4ac4971a33e0e61dbcb231b4091ac68de6d2c5bdebe2ab77b70a5facab9da93555d2eac69ece694f67e0c1c1bf70ca8ccd1eeb9c08e4add51db14990296cc68647c52b5c3880792b4766b799ed72e01325138973a3eef11dcab3118ef01482c17114d4af89ce00838f585cd753b2684f868e91863a0d410d35348e6be92ae56c2e23980e38cf810483ec5b6d1d3545b279ecf72e15b44fec9ff003c7c178f02307daa94d9b5fe61adac16fa63bf1d557c4d7309ee3927ea0ba775e69b96e1d9dd6d2c02eb4c305bcbdd11f3dc3e23983eceaaae54764b826eedad332e194380e2b208123375ca1563bfc55108cb8b5ed3bae63b81691cc11d0a935356b1e010e0b6e1ad331a68f77ef44ec11e69e4efd57a34ef0e685ec9185a40703c085a1b8d34946e3242f77647b8fa2bcff53efc087ad5c7ba1eff002bf75fd8eba756bed6f4cdfe3c57cbb1df951d82ed3331be4483c79fd6bd59747ba604bbcdcfa3e0a9a3f6871669794d9d0f1668c2b8b40ab971f196139bdcb32b6512cef7b7912bc4445dcf805e32f8bb3227e9f29b7fdcef83d456cc27465c7185956bb6babeb62a58f2378e5ce1f05a3995ead84b9cd8e36973dc701a3992a77a76d0db6d3174983532717b874f9a17a8e81d1e5758a73f0bcfec73e564aae1c7966d20899042c8a2686b18035a074017da22fa3f8288222200888808eece3def34bfd154bf92d52251dd9c7bde697fa2a97f25aa4480222200878a22020f7cb1d25da8aa282be20f8892df169e841e8572f6d1b4256e91ad3dab0cd432bcf6354079a7e6bbb9de1d5760dce2eceab7c7a320fbc2d75cedd4b74a19692be08e7a695bbaf8e4190e0bab1b2a544bf811595f772bc9c3bd97204642e81d8aed0fb4a382c17d2fed216eed35510487307c07f711d0f728bed1f65755a7e496bed024aab471738633253f81ef6f8fd6beb64ba6aaaa2e74f76937e1a288973246bb1da9e45be238f1e8ae2f74e452e5be3fc9c717284d2f73a41bbaf687308734f1041ce56b2fba7ad37da76c379b7525744df444f1876efa89e5ec5a5753cb1077b86ae7a371e3fd2c16e7c58411f82d2dde7d70c6916dbb5b26674ed697b37ff90a9238fb7c492fe6763b35edb2596ab25974c5be565b28e8edb46d3bf218da236fadcefd551db64da432f104964d3cf26deee151563876df35bf37bcf558baaac7af2f8fddbc3aa6b2307831b337b3ff00d4101452e3a4af76ca292a6b2db2454ad2039ce20819e5c8ab1c6c4ae0d4e524d904ad94b8d691116cf3b0e1af24771e2161cec25c4f7f15b2923f38e0631d17c35ad2c248c9563281ac64699ecc15f6c90474f246636b8bfe113c97bccdcb8e000b1273ba0ae4b9696ceaaa3bf2597fc34da7f9a6d76d52f9ce8e82196adfdc086eeb7ef705db6b9f7f842d2eea2d3371d4d52cc497393b1a7c8e3d8c64e4fb5d9ffd42b6f56ebbd37a51a45eeeb0413e32da769df95dea6372551d924db6c9fb5ca5db15b35baef42ff392fb859276505e40e2e70fe95463a48075f9c38fad52d71d6d76d2573fe5daa2df3d0d4e7cd2fe2c9077b1fc9c3d4a5578fe226ded739963b056d6774951236169f60c950bd47b6cb9dfe8a4a2b9e90b155513f9c3545f28f5f4c1f10b8acbaaff00eb92d31fa76535cd7b5f9129b56d56d92e049306faca96d0eb4b6d747865444e0ee046f05c8d7e6b6aaabb6b4dad96b69f4a08aa1f2c7ecdfc91f5958943357c752c63e41064e3b473886b7d780a3576fc34ce8974d6b9945c7f53aeae1510b3fab4ef0623c719f47fe163c77063b05ae19558e90d19ae6e74aca8b554d056d19ffb90dc19237d47a8f6856569ed99ea48a46c95f5547175c6f97e3d400ff2bc9f50fb33eb59ea632ed4fcaf65fcbf62557555c7b6c9a6cde3660e6873bd2217bd141357cbd9d246647753f05beb2b7b6cd174f4f8757d4cb58feadf419f50e3f7a94410454f13638236c71b7935a3002b2c5fb3da7bb9fee57db9b15c43935b65b3456e6efb8896a4f0326397805b6445e96aaa14c5420b4915b29b9bdc8222290d4222200888808eece3def34bfd154bf92d52251dd9c7bde697fa2a97f25aa448022220088880f0ad83dd10399c9dcda7b8ad3c4fe25ae18734e08ee2b7eb5b74a373ff00af4e33281e737e38fd5018c581c0f007c30a3d5f631046f7db1a1ad68c8a60035b9f9bddeae4b691d6b0b39e0e7041e8b2192b5c3815b466e3e0d5c5321d0c864c8c383870735c30e1e042f52cef385b1d57a668b51d2964b24b4d54d1fd3aa81dbb230ff91e05519aa46b3d0d53ff00555b354506f623a9c76913bb81cfa27c0aefa20afe22f4fe0e79c9d7e5705bae630712efa960dda923afb754d1cadfe9ccc2c39e7c470fbd55506d4ea8d2c91d5d245db1690c9a138dd3de5a560d9b5257cb5a2782a4c923079c1cef487882a7fbad91e5f06beb45f0432b2db51fcd5d46d8dddbef966e9e8473cf705aba86869731a4100e37875536bfdde38ee55d512868aba801ae0ce831c7d44a82ccf0338e4aca32725b66d5c125b31263ba0afad3b653a8ef91d14952ca2a08da66aead90e194b00f49e4f7f40399710163c825aa98c34cc2f9034bdd8e4c60e6e71e8077ac3a77cd253be999238523de247b470ed1c391777e32703a2a8ea393182ed4586263cae976c4ba758edb6aa5b743a7b6791becd60a48853c7538c544ac68c023e2038fee3e0aac8e57ba574b338c92bcef3e4792e738f79278958d145ba3185ecd180bcadd6bb3c9ecf0b0a18d1e17248ad21a783c713cbc56d7dcf1b87451013c9c035c434772cea4abac7e0337e41e032b8a50f92c1a7f8b7a244ea1a67b79bdaeebc32160cf6c87a4d19f03c179ff00d5bb8be2987ac2f1754863f764cb4fce185073ec4b559be14b665d86b6bb4fdc9b5769aa9a96707d289c5b9f5f7ae91d9aed662bcb62a2d42194f567cd6d437831e7e70f827c797a973336a62eaf6e3d6b676ba801dbcc70c77a9e8cabaa92d7838fa974fa32a0db5a97c9dc2082323922a73645aedd276366bacb96e3769e571e2d3d187c3b95c6bd05762b23dc8f077d12a26e120888a421088880222200888808eece3def34bfd154bf92d52251dd9c7bde697fa2a97f25aa44802222008888022f89a58e08dd24cf6c71b464b9c7007b540f526d4ac969de6531756cc3e21dd67fec79fb106f448b50581b7163e5a497dcd598f4f196bffb87f9555df755dc74754f65a96866821270daa68de85dea70e1ec2b45a876e5780c7ba820a5a76f4c337ddf59e1f72aceff00b6bd6558d92235d1f62f05ae89d046e63877105b82b0cd7bd17dda368967af6b7b2ac8493d0bb0b7eebad05ca99f0cdd8cd048ddd731e039ae1dc42e14acb9544f52f9cc50c6f71c910b7b36e7c00e01665b754dd28ded1156d4c4dcf1dd7970fa9136b946df4b3a075d6ca29e6ed2b749cec89e7ce34329f30ff63ba7a8f054bd61aeb2dcbb1aa866a4ad89de83db83ecef0ad9d9bb2e7ab7b38ed1af6cd25491c692a619239c7fb4fa5eb1956d41b297d6b633a8ae50d63e339696530cb4f812782b2a7a94e2bb67c90bc78ef8672b5e2df78350e9e7a395ddb624cc6dc8e239782dfe8bd92eadd632c6e8a97f96dbc9f3ab2ac1031f35bcdc7eef15d6563d0160b43db2c74a6a6707224a9776841f01c87d4b73a8aeb0586c15f73a9c0828e07cc47f68c81fe162cea1392d47824504bc1c6fb5fa1b468cddd0da61cf9a4c326bcd7c84196a5fcd911c72637d2dd1c3246724281d2529dcf35a4e0715ef3d5d45eaef5b72ad25f535733a67b8f3cb8e56e69211ee493030405e67372772d6cf71d2303d3a94dae59a810f04ec7002db3694938e03c4ad969fb48b8dda9e9c83ba4ef3bd4157ab76f48bd9d71aa0e72f0b93cf4fe99754c6da9ab69111e2c677f89f05276db844c0238f0d1dcd53365ac80046c381c0602d36acae6d82d1356d73e51133860039713c80f5aebfbbb93d1e132fa84f226e4df1f0471ed631fd9b9c03cf4cf158f55451d446592b039be2ab3374bfea4bdcd5543da3ea23697b638c83d9b47419e7fe56ff004d6b822a0515fe331c9bdb9db06e307b9cde9eb59b3a6ca2b7139abcb7196d3d1fb79b5be81dbcccba0279fc5f02b0e96a2481e0b090acfacb636a699f1bdb96bc6392ade7a37535549149e946e2d2a0d38ad48f5bd3737ef55b8cbcafd49569fba12f63da4b5ed2386792eaed9b6a2fe7fa7e374af0eab830c93bdddce5c5f04a69e464ade9c1de215ebb12bd9a5bdc3139ff00d2a81d9bb8f7f2fbd75e1dba968aeeb38bdd0ef5ec743a222b63ca04444011110044440477671ef79a5fe8aa5fc96a9128eece3def34bfd154bf92d522401111005a2d57a9a874e5099aade1d291fd3841f39dfa0f15f7ab2fd4fa7ad5255ce4193188d84fa4efd172bebad575173ae9aa2a662e738f327801dc16746b2968dd6bdda257dea673649772007cd85870d1fafacaacabeeaf95c779c78f8a8f5d6fa5cf708bce3f1ba2d0cd592cc497bc9f042269bf24e054c753106ef0de0304656be7a463cf11c3aa89c75124526fc4f2d777859ccbd54818716b8f796ad741c4d8d4db60392c7b9be0e1fa2c196daf0d2e69696f815f125dea1c0e0c78f00b1a4ae99fc3b420782ce869a3da16494d3364638b1ec3bcd70382d23a83d17406c876ff00536fa886cface6756509c323af3c6587fbfe3b7c798f15ce597c879b9c7eb5e677a37f1183e2b3e0962d9fd39a4a986b29a2a8a59592c12b43e391872d734f220aaa3f8a1ba3adfb2d9e9e3710fafa98a9b8756e778fff00954a7f0e7b5e769bb8c3a7750ce4d96a5dbb0caf770a6793c3d4d279f773562ff18129f26b4e31a7cc7d6bc9c75c3387e2b49bd45b3a71e1dd6c57f1286b5d331cc8b71ed248f381e87d6b771d334377434e7d7c16bf4fc1bd134e14a21a6e1c978dcbbb5367d4b1ea508246b0530c01b837b39ca94ecea8c1bf9de1e7764ec2c014cb6ba6a616dbcd3541e0c0ec3fd4781505192a36c5cbc6d1ae756edc6b2b8f9699643a95cd1e6e42a6b576bfa8b56b9abd3f73b789adee31c6c7b1e4498781e771e0789f0e4ba0db4e1ec05b82d23208eaabbda9ecbe9b59c11cf0cdee3bac0d2d8a7ddcb5c39eebc7767911c42f675c63ee8f964f68ac369da762d35616dce8ea4be71308f1521ae73b7b3e8b800e0473e6bd76696da2d676a82e577a48e6b9dbe6ecbb7c60c9800b4bbbcf1eab4d71d98ed16e9590535d48a98a1f3593cd561f1b072c81cf978655e5a0f4641a4b4f416e85ddac8097cd3118ed1e799f01d00ee0b7946308ea2689edf260c96edd6e30aa7d674c22d4354d6823913ebc2e80a9a66b23739d80d0324f70545ea277bbaef5552079b23ceefab9054f9d255c57cb3d5fd99adced9cbd92d7ebff008455e3cc2ddd3c54f367354e8a681c0e1cc70fb9455f4a738032a4ba1e22ca83c0fa4b971eefad68bfea3427448ec3a497b7a58651f0d81df585eab5da75c5d62a0279f62dfc16c57a65e0f9ab5a7a0888b260222200888808eece3def34bfd154bf92d52251dd9c7bde697fa2a97f25aa44802fc7b831a5ce2035a3249e817ea8a6d32ebfcb34b546e3b124ff00d36fabafdc861bd14a6d6f563aeb749446e229e2f3236e7e0f7fb573dea1babaae7732327b3071eb52dd7573700e8da4ef4a707d4abd9464e4acb673776decc539caf80d2e386825c7901ccadee9fb154df6e6ca5a36f0c6f4923879b18ef56fd8f46515a620da787b49b1e74ae1971fd3d8a1b2d5044b04e5e0a4e1b15ce68c3d94536e9e44b70bc6a6d55b4cd2e9e9a6601f37217423e9648010d2e60e7dcb0e689d213be5afe9e73415cbf7a9eff0f04fe92f939ede01e209f685f00f1cab6354e8e82be374d471329ea871f3061aff00023a7ad55b3d3c94f3c90ced2c9633bae69e8575556ab1704728b8be4cab756f62edd7e3771cd2ebbb25507b00c39b9584d07385eed6118c95b35ae51bd6f6f4cc67b3811d15ab73d692eabd905aad77398c974b057b18d7bce5d2d33d8435c4f7b480d3fed55b18f2bea9cf61239d8cb5eddd3f5823ef0a394b7168eda6b70b232f868b534c45bd0b7c42974300dd1c147346b43e95847729ac50e005f3fceb356347d35cb49187d8705fbd815b1ec78725910504d50c91d0c4e9046379dba3380b8558e4f48d1daa3cb6487466a36411b286e4ec31bc2394f41dc7f553e11b5ed0e6e1cd23208e20aa67b1f05b0b7dd6e16e18a5a87b59f10f16fd455ee075ef462abbd6d2f7f7ff00d3cef50e870c993b297dadf95ec5a4ea71dcbc6485ad6927000e24f7283796575ddc660cf7f66b4d75bcdc6e00b6a6a5fb9d58df35bf505673fb438c97d09b7f915b57d9cbdcb53924bf333f5bdec4d0c9436f7658784b28e447c51faaad66a60a44e6bc6789f52c5929fc150dd9f3c8b3be7ff0f5f858b5e1d7e9d7ff0048f3e2dd1c1b85bfd17484cae763e100b1a6a7e3c94e367d683354d245bbfea4809f52ecc093b2e8a447d4ec50c79365ef678fb2b551c679b6268fb9662fc680d000e417eaf6e8f98b7b7b0888860222200888808eece3def34bfd154bf92d52251dd9c7bde697fa2a97f25aa44802a7f6eb5a41a6a504e1b19711e24ffc2b81515b6f7137c7839c36367e084573d40e68d51276d73978e777cd0b480161de6f31e0b6d721bd5b31ef79fc57951d3f6d5d4f1bcf07cac69f51700b5decaef5745e1b32d302d5a6299f2b0fbaaa809a5247119e4df605299a9bb269703bb819c8385248e8db142d686e03460280eda6b64a0d9d5ce7a17f9d216406461ceeb5cec38e47864285c3ba45ac3e98a4551af769754fac92874f54399044ec3eab392f23e2e7a78ad353dfb54d05ba3b9d5511928890d13cf0eee727a918383de42cad99ecdbcafb7d4d7d556ba968e290c31b62682e7380e24e790191eb587a63dd372becba3ee35f35450d648fa7648d7ef6e48c24b5edcf4f378852fa51f1a33dccb3f495d69b53dac55d2c461703b92425dbc58e1cc67a8ea14236b96014cfa7b9c4cc6f9eca4c0ebd0ff85636cb74256e95a6b8c77196295d34e0c6e8f382c03009ee27b97eed8685a343d73ce0163a3703e3bc141daa33dc4c58fe87b39c03483c97a35c32015e8f61e6bcc338f8ae86411b34f666471e79ac97d23a37e08e230e0bea819da6e03c0f22a40d804ee603cfbd56dd6766cf558508dc935e0b0ad16796d0ea32f6e69ab69a3aba778e458f1923d8723d8a570b380e0ac1b16968ef9b29d3f1101b594d4c0c2fc71e67cdf5287c9433d248639e32d2de19c702bc8f5dc4b299fabafa65fee8bfc1ea11c887a6dfd51e3f2f73dedb6f6d631b1ba46444bfd2777614dec767a7b6825877a570c1908c1c77287d2d34ce83799c003903bd48ad174717c704ed0d681ba0f7293a3db45728bb23a93f0ce5cf565916a12e3dd19b73d3b435c5cfdcec653cdf18c67d61462b749d6464981d1ccdf0383f5153c1c4712bf7701eaaf323a663643ee71d3f9456d39d753c296d7f12ad9ac75ece74937b1b9587534351006f6f049187722f6e32adc2d03864fb168b58c025b4ef60e6378209e3c0f054f95d0e14d52b2137c2de8b2c7eab3b2c8c24972566e8b04af8318c78ad8398bf194ee73f75adcb8f2f05e7633df05e779ada7a335352d681c33c4ab8b67169ec83ab5ecc068dc8f875ea545f4bd85d5554c8a36f13c5eec7003a956f51d3c7494d1c108c46c180bdbf41c19423eaccf2bd77a8292f4627b2222f4a796088880222200888808eece3def34bfd154bf92d52251dd9c7bde697fa2a97f25aa44802a536db4c7f9b0938e1f134fd590aeb55ded82dc67b7d355019ddcc6efc47f9421bd6e0ce45ba5188aa65278f9e782c06030ccc91bcd8e0e6fb0e54b35651ba1aa0fc798e39e5d568845820e3828fc1e7a5669e99d6562a88aed65a2ae80e63a889b203eb1c7efcaa960a0a5d397ebc688d4831a7ef8f7cf6ca890f9b97f17c393c0383b047b3bd656c3b57c546d1a7ae720644e79752caf3c038f361eec9e215b5aa34c5af545a65b75e6919534afe383c1cc7747348e2d3e216fe1efd997b8d72bab4d794729def426bad1b256dbecbeefabb5d51dd3250027b41d37da38b5d8e07f152ed896cbee743748efba8299d48616914d48ff4f2460bdc3a70e439ab6b48687bc699b9b58cd515571b0b58e6b28eb220e9633f07128e381dca6e2001252f867423426930388557edda66c3a622a06f196ae76f0f9ade24fe0ae1ba5453dbe8e6aaac9990c113779ef79c00172aed1b53cfa9f51cb55197c7471ff4e9d9c8ee0ea7c4f35128fc9cd9772847b7dd907ada431633d56206169ce16de4124a00792eddefe6be5b47bc0f1c8e59ee5bb67146d30689ef6d4b3033938214ff004f5ae49eb236bc10d2789515b550f69738d9cf74ef388f0571684b5bab6eb4d046de323c34282dc68ddcc8b9e9dd4eda3708787fa1d2ba4e0f7369ab6c38c6ec0de1ec58f7fb1b6b019a9da04df09bd1dff2b790c6228991b7d1600d1ea0be94d6551b21d925c125774eb9f7c5f25613533a2796bda5a41c104725e1240d9398c1ef5655c2db4f5cdfeab70fe8f1cd46abb4f5444498b12b7c39fd4bcf6574a92fc2b68bca3a9427f8b8647619eaa98618fcb4747710b25d789dad3fd06977812bd25a59222448c734f71185e4621d46570a59152ed8c9afe7cff73b375cf96b662565d2aea0b446c31347300f32bc65a9a97dbe4a678df0fea4f159c621d02f6a7b6d454bb10c2f778e382d157936b7b937be0dfd4aa09709688ab6dce27ce207a96e6c96292ae611d3b3fb9c7901e254b6dfa54e43eb5f81f11bcfeb527a6a78a9a211411b58c1d02eec0e811adf7d88e2cbeb3c76d7cbfd0c5b45b21b65308a200b8fa4feae2b3d117a78c54569783cf4a4e6fba5e42222c9a84444011110044440477671ef79a5fe8aa5fc96a9128eece3def34bfd154bf92d5224016bb505bdb74b45452380de7b72d3dce1c96c510c35be0e5ad596473fb685ed21e09e9c8855dbe90c5239928c39a7042ea4da3e9ced09b853b3cd77faa0743dfed54ddeec5db3ccb0802a1a397472d5c79d9e7b3b19c5ed183b3fd2570acb9d257358f82958f12099ed05aec1e23079abee0a99a0e0dc39bf15c792abf46ea97c2c143747eeb63661a5c3ce0474f529f52d509e16c9138398ee454c96968e8c1708c3e87c9935baa63a004d65b2e21a3e1c3176adfada7fc289deb6b76ea56b9b436eac9e6e9db0ec9a3d79e2a57bd2633c73debc2583b6ff005228dffdcd07f158ed5f074d8ee6be99ebfa239fb586a9bc6ab98fbbe5dda71c63a687218d3df8ea7c4a884ec78f35ede3de460aeab6d2c309c88e261f9ac00aaaf6aba69aca8fe6b4711114a713068e0d77c6f007f151ca3ee575b8f3845cdcb6ca8b7374024642fa6b4be40d600077e3861671a6793b8c6e4e56ead1653210e91a4339f1f85ff0a2e7c221ae4e478e9ab5b86f4cf05cf90f0e1d17416c6ac044aeb94adf3221bb1f8b8fe814274969b9ae55d053c2ce24f3c7003bcf82e88b4dbe1b5dbe1a3a7188e36e33de7a92a54b45de256d2ee665a222c9da111101f8e635c30e6823c42f1751533b9d3c47fda17ba2c349f9329b5e0f165253b0e590440f8342f6000e4111124bc06dbf2111164c0444401111004444011110044440477671ef79a5fe8aa5fc96a9128eece3def34bfd154bf92d52240111101f32c6d963732468731c3041e442acf57693752bdf5348d2fa63c703896781f0567238070208041e072847656ac5a67385cacb1ce4b9cc2d7839c8e0bd6d9575d65796b46fc4fe3bafebea2ae0be690a6ac2e968c88643c4b0fa27f4509b8d82b28496cd03833bf1bcd3fe1657f02aecc49572ee89e14faa29c8c4f14d11eb8f382f4a9d536d861323a591c3e2b5872b5525ba324e62dd3f3491ff000b19f6b8c9e5263b8e0ff859db34765ab83c6f7ac269256b2d2d7f63bbc5e5be713e0b11b7db8d450c94d50c8e51234b4ef8e241e8567ff2c6720c71f595934b67966786430b9ce3c835ab0db344ad93f24228ec2c67190071ce703929569fd3b3dc2a990d3c45ce7787003c7c14eecba0e694b64af3d847f179b8fe8ac0b65b696d907654710637a9eaef5958492f075d187ae6460697d3f4f62a4dc8f0fa870fea49dfe03c16ed110b24b5c20888864222200888802222008888022220088880222200888802222023bb38f7bcd2ff004552fe4b548947366c43b677a5cb4823f95d28e1ff00d4d523401111004444017e3807020f11dc57ea20302a2d14151932d2c449ea1b8fc1623b4c5a89cfb9f1ea715ba4435718bf28d545a7ad719c8a4613f3b256c21a78a06eec31b231dcd680bd510ca497808888642222008888022220088880222200888802222008888022220088880222f2754c0d710e9e2047020bc7040523fc3a6d1286aec54da5eeb50c82e34b9652ba43813c64e4341f8c338c7518c678abcd7f3b56f69b58ea6a585b152ea2bcc31379323ae95ad1ec0e4077aa2e0ff2e756fca8befda137ee4f2e756fca8befda137ee4077822e0ff002e756fca8befda137ee4f2e756fca8befda137ee4077822e0ff2e756fca8befda137ee4f2e756fca8befda137ee4077822e0ff002e756fca8befda137ee4f2e756fca8befda137ee4077822e0ff2e756fca8befda137ee4f2e756fca8befda137ee4077822e0ff002e756fca8befda137ee4f2e756fca8befda137ee4077822e0ff2e756fca8befda137ee4f2e756fca8befda137ee4077822e0ff002e756fca8befda137ee4f2e756fca8befda137ee4077822e0ff2e756fca8befda137ee4f2e756fca8befda137ee4077822e0ff002e756fca8befda137ee4f2e756fca8befda137ee4077822e0ff2e756fca8befda137ee4f2e756fca8befda137ee4077822e0ff002e756fca8befda137ee4f2e756fca8befda137ee4077822e0ff2e756fca8befda137ee4f2e756fca8befda137ee4077822e0ff002e756fca8befda137ee4f2e756fca8befda137ee4077822e0ff2e756fca8befda137ee4f2e756fca8befda137ee4077822e0ff002e756fca8befda137ee4f2e756fca8befda137ee40768eb4d596ad1f6692e178a86c6d00f650823b499df1583a9fb8732b8e2ebb41d455f74acac6dc2580544cf9444cc16b379c4ee8c8e433851aaeadaaafa833d754cf5339e0649a42f71f69e2bc101fffd9, 12324, 'pool_balls.jpg', 'image/jpeg'),
(2, 0xffd8ffe000104a46494600010200006400640000ffec00114475636b79000100040000001e0000ffee002141646f62650064c0000000010300100302030600001da6000044610000d0acffdb008400100b0b0b0c0b100c0c10170f0d0f171b141010141b1f17171717171f1e171a1a1a1a171e1e23252725231e2f2f33332f2f40404040404040404040404040404001110f0f1113111512121514111411141a141616141a261a1a1c1a1a2630231e1e1e1e23302b2e2727272e2b35353030353540403f404040404040404040404040ffc200110801dc01e003012200021101031101ffc400f20000010501010000000000000000000000020103040506000701000301010101000000000000000000000102030004050610000202020102030604070101010100000102030400110521123113061022321415352041243442233325162636074430171100020102040205050b08090205040300010203001121311204415161712232138191a14205b1c1d1526272b223337314108292a2d2435363f0e1c28393a3b32434e2446474153545f154942530c38412000102030308080406020202030000000100021121314151121061718191a1c1d120f0b1e122327203428292b2f152a2c2138330d262732333435363ffda000c03010002110311000000d8d2bb850fb30c5039db8e2b86da0e3476d9263971d7a64788d67657b0d4265970d3a6650ed38e7441d1a67086d00d07617c9441b6852a24033ba0bc19f48a3b4918cc959a3542e2d92a78eb54adec2c7ab8ce99d0d4aca18bdb4a18e8449e8ca0bfd15cd9e2607693d138898e42701baf4af34f4b9b67305bdc1068cd1b7d289c8a31012a50dbb7a750e20ada45dc9b2f77608484a55525a9827a0b465ce4bbcb346a59e53129471e557f376beec2961af09ba7f392ee24c89d0afc0b58fe9f2e7606e33696cc06be2119aeb8aabf20af73aa72f1088bdb098f2b70c87a5658e6c860e24b73138d98371e9de63e9d0ae7703bec0668a0e0dd40c254e872abc25426c82d3ee12ac0bbb94f2ac81a3cebdd1a52825de4106040b3a9e9e19d6109c57798911f9bb0615a5673f5575ac7941eceaae18e057e33aef5c61b6727ba2cd24dace6f43a6d45e6a4839f2ba3c9c2557a7d33cf0e96957454124602863b3bcc489d5d16ca770e791a4d298b4edfd3fcbbd464f9ef3ff40f3dccd10bad466c7ab64e428dde6aa3d4e72e15d9c57b4937aed5cb04773a2e5c5b4b3738fe9bb1ad22f4f221b55d9350d6420f3f5ee28734d86d439943c768e6192637b2bcd9587a70e02730b389d3b9bd46e43172f27a2c38b4f3ee6c71ba628e66f4ae3379ab3aca174af4702a8d89f60e3918e5594d93b3bc570d9a46cfd4fcafd510e7bcfbd07cf8332dab76579ae6968a89d58990700735dd3e0331b8f6e7b09301ee4ecaa897b62bd115fad69a4506d5aa4314cbd1c1450e2157bb6e2052091136e4e4d95380675e8d395f4f32047e3f435c99eb2a7356b9a388f1934cf544fa45da6952ef66ab4d0fabcca2071bbf2210290fab0a9470da730b1f56f28f579533de7fe83e7e290c1c6fa2680e06c825d815833ba939b7608057d55bc3eae490e04406ce0a4b9de3a38c74721ca83270aacbee72bc9d95dc48e057b8e4e3ec051c1d9b5e5c110b814d3566a79baa2555bd5f3fa8339952b6963464798a2c915eaa7b4817f4975b8b96e0c5d27a861290a7e712931424d89c6dd5337d67c97d6655a1f3ef42f3c148cd98f44810876475bbe8daef4391b98d997a445a425c79954562e6c5975b1d6e075349588957612a220f0fb26aa73e8c8a5c5477f8680e0b2af7261dca9b0a290c27d708f7b7630fc4ed280dd8ddab12ca03f68e7ade87b3cd7f419579e1adb78366af4c6ecb659749c158e462eb7285038b8ee71b3532fd6bc97d6a55a1f3ef42f3d148a2eb5798219832e7cd638bd74388d25b497388b4a704dc6ac6e8e450e4acba5c42075cd4695c1ec3292195babe83a5271fa989d1e6e778d3af911794005543917946736f49749ada2c595e5f5c3817ac4ad6757618ec2a1a51f6b83b938ac8de79e4e56dc57a7513a242b8e8e44a6b859571a12589dd1e07467fd5fca7d5655a6f3cf43f3d0f1db702d31b6aed0f3979dad910c9557ca7d1af87333f6551eee9e0e4212a849c0bbacc75dc6d68d9871fa2e4761d28b39a11b3d1f4d99eff002d153a89dc2bb2c98ba64364495dd1cb266c09ae853a0b7c3d458ab0ac5ba277744517bb0551edaeef313aa2b3da8d116f2a1b490f49da4d1d1bf134eb274e695ea9e55ea71ad4f9efa1f9ead2336e0da5653edd395b2d6139849a7140c6be2287712e4e6c48bd9439536e54556d7167f47c5db55648da1e06d86e2b1a5b676b3ca22a75105e206668e34ee2ed472bbb6b57613fdfe63b55332db451e4cfca85821a71dc2bc324c86aafa18afac7d486ec8958c2ed0bbb9bcfdc12b7148f52f2df51952b3cff00d07cf969165c3d03aea41fa756b289cf815398d46348e144e84e5153893bb04ee1c0b8497169b2f226da3afb68fcd3acb2e1c1d59177cfd391a3f44c07686adeb344e64f4595cddb5e16ed21625b2e8d0b38e37dfe6f22a527ca84472a2ec9c4830f77033b4592dc4ad2cceb55e7caa6d015f3daed2e6d91ff0050f30f4d5303cfbd07cf569175d98bc4adfae6e5ceb78fe7e45259da77e3f4411152a9dddc32892102aa232f288cbc8aa743233bb7e6306e26c1f2fb5c72aee119337a687d33ccbd655fe8d1b69be34b1914f2d44ea8b2ca0e64eeeeae2ee4521553b6555e2393b864e4504eea8e54dfd1a3c291c7d2fc57c79e90b19e8d83e98a7a5f9afa4744a2f9e7a1f9e0a1dad7d943b99a1d1425aca3588367f947d2f2117b88e42edbb95304e5e1b85576055e05db9a3399f4f8b06d7c6ece6eaf33d0b799e44ee83ba1cc36cbad8d55a01d5179e8fba2b6ad46be5aaa1b209711025ddb2f72ec1c61822a129121357df3957a0f0fba9d2d815ddc66b739d71a9f46f3af44f43999f3bf44f3c5a5d5cc1bf06a02d69d68c35aaceabd20da0078296b2ba38e8574bdd3c99c0b58fc3784ec993853a38ebfa0c9bd280abeb228d86baef2b5e48c9326b442e06af9ef22aec6c185042d466ad2b99d98d769d393aeacd959763d0b49d6a945ae6a7a79fed427242b2c142ea20cb635505cdf6a9be414f392cfad6ba454da591dcbed32c3507a179f7a0526df9efa179ea53557941741a1313d386b2f33a6cd753d387325ef4c23db9674aa699d9e60419b13cce96ec614fc2a1c659afb73e655da28813abaca1d12325adc95f82d64d35e4e19dba6ed1857d468626cb51a1a83a06b325afa72d24a65527632e2bfd93853852c8db326b3c7fa7e9f596949563732b6a963a9cbea38b3b5e8d7324cb2a7b7ee8e66eb3eebd35f94d1e6de141e81e7de8149279e7a1f9d2d353a2cfdde2dc46eae6faacde8b3ab5a36ee63af4c95595d7e7d659485eef2ea5890d791d613214ccb522e395f782c61cc5585304f9bae4e435d92e9f30ede835239f3571634a0cba9b0b2c3abda85b31aec8ebebcb47351d9c5e9d06c7b523c29675566bac9bf1fea2bac391d59872c2e85a6cd6938e6f57da0702c1b5abb4f5219fb6acb5bcec729a7cb0d41bec06fde7de73e8de74afa1bbc8c88f4e823d52cba658c78af355cea7571e993348c9a85cba94d2b59fe0740e667b6d096749697eee5fb6d3a660c1d9d2d9d85238595a5ce6c1739d7674d4d555aa3b0b61755957db8742f5ab43dd1cba44ce11da0ea0ec34819f5cf7c59f5daed293b6bc7f3aa368173caa7573abb49e6f4c227a9ceb9cd68b3755aadf6077bd9ce7e73e8fe70b497614f6f2eb8b1acba7d4cc879c32c60bec7a3e58a1090abddb2f0ae1c043b72f72e4e5edbadea76eb939c1eae378e31110f3bb23e7e8c65d4d0e3efe38850eb75c6dc06aa8f6592edf359545b4579170e54223b878e34ee1979171251751f692c4fc8edae62f566ce6335b87ba0ef305bbf4395ff003af45f3a5a44d665352e1fb09d9a4a5a4ba6b365c8d26df154980381455e54db953b0e6cd06ee5e05155f436fac624f8fd7199b30bc20b6ea7b3e7335b63938f459da64b55cdd8d3dcd73f6bcc818a930e49718e49f07bfc4e5e565e5e2c078d0e1e54d95479495b54ebe74d0301151e5395b740d66235197c1edde1772cb2bce7d1fcd9691ad6a56f3f4984e371af3d0d6d04c7ece91933804269c40a718a761c3dc31282a13d4515cc6fa94a4b7f27a28dbd056b99a4f4245a1a3e1f6b896caac88d50b727cff6eae11cab4235d2d9c0d6e4fd2f1d6e0a54eeeee62215c154148e15e1b944833faba39bc7e9681fc9d86d7332a643f2e52b386d293b9c36dd0cef35f4af36148a06df44b496394d83c20b2ddc648f212bd2b9d89a3cf0ba72f3af092002a3db2af5d234b1723f3fa8e9c45cd7b6b947a12d3e1ee724fcbc88bdbca8a8b8cad363b47cfd1226ccb0f2bae2a428a276253630de783a0a1f778078b9d0549080e24d91f62e64f311d738fd7a5932183792c49a4308fc05dbe44bdbe236d17b0f35f4bf33148adb8df449353949786bd966ae3d52588c09df3e2b962639919713a3cd245420155013d5d7d8f1f5b8db91e1d3182d63746892e3131aa82437f2b885593bbbb6e7a3aab7a346a1d7f93d6870aa62d615b16476f13b41709d0941dc3d20f854e4e57067aca545e420518b4ed8204c5ed6a825c3e85e305a426ed315b38d6d7cd7d2fccd6911a75ae998f276d7a151a18f656bb22e53a21e81216e3730de955148e205e6e882f35a34360d83fc3d90ab27456a499e493b1e4ada87b3cd21e1bc3950885505c0080b1775990b18b5a2bb1211601d78e19a0bba6b6bb5199e854ee379a6b99d1caa7492642ec786aa8d79e336f53b3822774053030666c71daf956e7cd3d2fccd2915975aea90a776dd3e01aede5c6176d1a50bd6d1c33d4c5179d473b7ce523497fc0ad1de89042688eb5e14942e67f75d6020f7f118af11ca8782228e0bc0bb17220da8ea2d4f3bc65e8c3d07ce13a7a26419320f366ae09b09637795b12d691ec5a3c92e04ac686830546f0e542654740819badc8eb235bdf31f4ef334a43071be9935c62722f26cee8736e4cfa5d2d7bbc8c22ca24a4484b6775acbc90f4c7317f5e91af94e10467313e074d4457ad35544d9490b6e155c0115364e5404f479b795f4d517b1a5e9d458ca99922db59463cb5b49aaaad4a139d562f79a4c6be22ee6d5bb7188923cd54576236dcc666ab2ba98d343e63e9de649588bd25f476e7474786af33d10e51520aea93936b1aaed072e7ec9e875b53bf32a21dba86f3f36bccdc3bda094b2a1ad83d11cf0dd55d736a48c01c45d910bb0143e1850e6a980771312c36712ed6afccaf82d07a24a9d7e6689c9d0e8c8b16f9d4eb2a84eb718a28d24284e0c1211e8f4462931cacad3673443697ccfd37cc92919b23a027586e5526a436cb19243179127095766d7929dc5ef96df469b288966294e53002d346381081cea9b9a25b4882c56e35fa4cfcad042c792d1ded0972c689cb962a0dd82e76caba05f510ee0b2a39f8dea3b35bcf46e65732d8e7ea2914c9848369770a305157366e50846d2df1ad9bce6511c4ad167343a7a9f32f4ef304ac46cc7a66a6d2a3497614e85e33325979c6524e88af2702440804bbdccaccfa344c5dac68fc699d3e666f69f514a56b33b9ec543759f874abf5d60b4d20139e7ce03c0edd5b816f0bd2e79341a7a3d6ac790b764eb6ca56ef3af68e22520628b4445e42113bb65931a5c6fd20a04e82aadda04404e92f419dd0ca9adf2ff0051f2e9d6209874cdbe2e21f58c7271454a28a2f11cbc8372f2e02bddb72f70c3610114e86df12533e8aff9ace0753169fa3d32e4d7b8b4d5bf9a1e59ddbb998f41af671b0fbb9f73479b5dac600f513884dd11084ee2e22050bb00221c52644e47e30139c1ee2aa40e0d2341437f2a6bfcbbd6aa11fcec7d1f8ef381f49ec7cd8bd1d70f351f4c53bcc8bd2976f354f4be07cccfd2970f354f4bedbcc8bd3176f324f4de1bccd7d378ef33ef4b31bcc0fd3136f344f4d23bcc93d3bb6f2f5f51ec3cc03d4976f2c2f52e3bcb0bd4976f2def535dbcacbd4d46f2a2f53523cb13d5176f2a2f54edbca53d5d71f285f56e1bca97d53b6f2d5f51ec7ccadf6dc57fffda000801020001050051bcf2ce79673ca39e5e7979e59cf2f3cbcf2f3cbcf2c6794b8563180479b8b02c673cb5cf2c679633cbc11e7979d99d985702839d98c9a07e18fc40c6f0d802162c3da7091811ce3a956d0c607b941ee48fbda90264d0dbcac856ca9c570707b4f833e286203038de1fc29e3dc06310018faa29dfb0b0036c700d16eb938e9e0661a60db68dc06a4bef0d6d882eca85bb40c0cc315811ec742335a6efea1b63f813c5c9d7590a26cfb19b43a0c24ed764c24159658ca8f30e184b60ae30d188e257f2c7f30632b0c85765891887a1e81250c7d8ea466f58086c3f0a78f68c55f66f154b9fe5aaba143a1a5577c7afdaa3407b37edd636b5e63165943605192499da408a5d807d9d83b88c3f0a7b778c711bb4efcc137688e184361d8c53a01d7bbd9bf69c9dfa4646ce898d98e1ee0c41660000a7477ec387e14f6cafda125de0c1218c80c4a37634b6234c92779311cab29d8fc0ec007779a62ce8174c208f4248c3055017c323859f3441c3e07e14f613ac918960378ae54a21f61f0954a90779ac824dfe03860f3966a3242c260ab4622cc0686b0ae4508d0ee6cb0540dec67f02e6f2c3f4ea301d6431ecfb08c950328f1ed0029f7a36ee1ec76000204406c5aa113ad788226bda92042f60b67e719c39fc0b871d4b16388bdc55428f61c23264218edb00c89f59bc272793b9a39244c8ae2b64cfded83da466b3630ec1cfe15c93c1b7802b1854776bf01c750c35a24ef24b291e5794488e71a2d00da1d18c6ba1f85c75cd748ced7f8572c3e8899860986a31a4fc070e4da50f3c92993c95345a4041d9d1d98c3643100df898747b91ae35d66ca5319147c032c37bf1b00514336fd9bf613ed61b12579126869038a1173b430eab8cdd157b466fdbbc38d96404b0b2b1ca092230f80676824a26dff96df30f95fbe5cf976c695c3099f619f4ceca3e61f233e616934ddbe630678da2919b1fdd3def90a175308edf3e4c495c9ee3966c3c4bf3f3110ea541da308556fe1181bb512ebbcf3fc400eca84858dcedbe307de07a49f0b7c35fc2553dd24988feec4c326cdef2b7779640000d900073bddef822450d57621576064f1fe118bb186005e71ef093a520182a05c93e35f886b52fc25b62be4e482240eddfda624d3cb9bcaa371b29d6c86562cdf9def82372a69efc955d093c7f2192b1572dbc8bab790a7043acf28e79033c9cf270c59e48191c0da215b24841090302f22a6097b9fcbcecceccf286792b9e50cf2970c49962c3472476266c827133fe432c8f795baa06ee0411f8891b0ba2caad92218c4b336c839f9c2fb1f84e3784b5e5f31a5950f1cbd7f21922839dab8849c8cf4fc24e599da49ab72724462b314cb2b77bd88fa1deb11ca329d8fc2fe049d80a442a07b0630d8d8256bc8d8d108ff01c39275c92ac9198e556c83ace8bda186c48a51876ae4b2a0ca9644801fc0725725c484619076a2f6a62fb22d0c5566c96640b1b6c7b0e31d007a78e4d551f29d6118d61c993625b2716342b0b913236c7b647ed0548cd82214ee6f62f8e12464933c980606ed208230e5893124618aeac18e2a851ec61966368e54aece5635411b68fb188018966d61507224ed53ec1ed9174707421bb701c91c0561dc548184f7342bbf66fd87244d8d674c036636d8270b6f0f5c23588bdcdec3e23dac3635ac2001249dc63948c95f6ddbb0464716d80fc522f5ed19b39bd166ee1d466b189255428c387c478fb597626eed8031170a2907b81def225d0fc4c3633c4f45c3ace9b3b0638c20cd81870fc43c6432695ced5830c740c0c7da74407255836f09019665381c1cde6f379bc2ea30c9bc1d594f719634118c3bda205f633001d810afdc3f8878b12a74c5c375560c31941c28cb8a549eaa146f00d12064ac54896418f6e6f32b4d23b8d02b9f91eb85f402b3e2a80309d06258852ccab87e21e231971f40a77139acd63c61b1e37d75189d485eafd5d81c90ea7849f98ed3dc7a39655c5ef38b101f824e99a77c009f61f897c73a6797a207e039d30aa9c31676ca31a2638637c92a4af2475660da94e793bc5455f6f4f6ba06c23783406f0fc435bdae02b9b5cdae12b9b5cda66d33dccf733dcd7f2f0f979fcbcfe5e1f2f018f371e6e3cdc79b8b7b8f371e6e3cda66e2cdc79b8f015d7ffda00080103000105000067b99eee7b99b5cdae6d736b9dcb9dcb9dcb9dc33b8603bcf7867bd85b59e60cf30679833cc186419e60cef19dfd03838588cf30677e30d483e1c41b246b25509f840270ba2e46eac3672261e5b91d8d8fd17ae41584d92519930a9187da378916f1c2ab7691831ffa83e10a4e01ef237491801ec0093daa33e20a35901f7b7d2b1055974ad929f749e95d4ac0923aa125895c230e0f057070b6d3cb2032eb1ffa83c13b4100263bf6fb557677d2280491c8ac86c290f1452f77f2c62ce130d9723e61b1a60d80a6452c256f4ba566550ac59bb71e3603d88e3434c1d4a637f5078771c671af633aa02ceef1c82458e67512322116833b124fe0fcb7809c1517ca96bc91e2aa8caf0191bba3736ab794c4675c121edd938df18f0f6aae4881c6bb0c3dde64d63b013bc6037dafd9f8465654f32704840556cd744c81636851d628e491a42c30fb0637c6be1ec861691e7aef11f1c684483dd5122772c156594d7e3e28b2c4224888d7e15049550ab1c8c863b28d96e7ef78a778d9e5323f889a648f03061ec6f8c7860ca51a889a4d09aa8ed77f60ca322bc6ca7667005988827f019845915949011d2460158ecef036b26b04121572b072de1ec6f8c78603da239a48cc76e39b2dce337ecde413189d9da4058e3a8f2dc68fb15492db6958e8c16dc19a425b79f9e4919715f8e66c48d132cc5daf8df1afb1d4e1de46a0b1624fb41cab20d3cd1c4259ddf10efd806568f4b341149935374cae9da30fb54e42fe646e517269564f637c4b89d4f4c2318055f69f6024612411b6c8eb6489a6862ef7f7973b4361e8b23027f00391c8ca3c70f8c83de6f8d72ac2242d50eda075321dbfb0fb40c1187648d10024e4aa08aa10216f7bb366c48dafc2301c10938211ab080637c4994469268c91331584fe2dfb11c323ca170b3b66ca98ede34aa11dbb8e6bdbac183223b8f5d27d146f89301d012483159e7c34572d22c07e61709503b81c14930d35eefa6a64f1792ca9b00f62955712461477e81906e4942e09cf747422659a94683e562c6ad186f974c6da13b38092adf1266b64c40254f8999bcce4402ee834d83c59bb46f6e87f997ffa91eb48871d0ee504e1f848192eb609251fb61624c7274693e227a4bf13c08553c0f8a674203e8543ef3404b7264abb485b1ce80cd020801c200dc87f522f0f2ca02bde2461da7e127263ac561b8915e0963091b024c9f1e4dadb396c4f038b95e1f310540327882219df19fbb3ddc2c0e0233cf7cf39b7f33264b63aab1191c876d329091b3e357ec4246770cd8c13b8c3339cf39b3cc6cf31b235ee468d7197b50e26506c64244b244222347f178066eec5665c8a412182b860bda33c44c9da7f08c188ea140056c1d21c4c8dd958b3363638ebf8759147a59a9a3e490c919813b16b49dade2cb10cb30acb130d1fc0313c7f23b0652747c13c301e8f6635c49cc8735ec1ec862673dc5495e8c01563b2329bac911124844823c9d0ecfe0032a555747a4d9d8c1ddb6c7c17c327de376ae57af2c8f24651bda3215548b608685972693a1c072b4e6276767c24e15dab0d1f6ae56b70ba763235f9404de1f05f0d6150455a09dbb0ab6a30c8461c032ac5dccd1769127599c22336cfb01c89bb95e54412d876c43b1ec03243a1bd656bd221b131924c3f0af87b2a4c0191d632eece48e983c6bda401fb9b3b076ca461fc0ac461d96de4351dccd1946d622eb1941c742b91af62e0cfe15f0f66f0396cd938efd801c73a5d13915878f1ad078c9ebecdfb562323455a388075d594ee586beb268763a6051a63b3833f817c3d9ac1d49934b91a6cb056c78d9306c96e9ec3f8549054acd1968a2124ad2182438c194cd1a8c77eef6004e0cfe05f08c26dd358c0839ac58cb374ca90472c72a794f276a0d838466b359acd6052712091b248de146f74452bb49ac5b5a8e4959c9c00928bdb8e9a6234abe03440750857dd2a54fb3bc1c0f22a0018ccddf22aedf5d61895f0d58b690a1592350a41caedb4652e833b46c90b8589f66b6405505d511db587e05f0c0d8849c6d0fc0aec304a00ea322cee0321e8a8ca4c7f037c1b1aacda725572629e617fc11919b4424f68cfe01e1ecf30e13f8bae06d6770c8ac2a01622da4aa15a64d16419e6918cec737f806239521b58493ecfe01bd7bd9ef67bd9ef67bd9efe7bd83bf3decf7f0f7e7bf9efe1efcf7f3dfcf7f077e7bf9fccd00f9a7cd49803e112601266a4cd4b8ddf9fffda0008010100010500e5f968b89ac7d794413ebea630ff00e815b3ff00e81061ff00d0130ffe8187ff00406187ff0041970ffe81630ffe816b0fafeee1f5fdfc3ebde4461f5ef259fe7bca67f9e72a70faef96c1ebae5ce1f5d731b3eb8e673fcdb9a39fe6bcd6cfacf9d27fcc79ecff0030e7f7fe59cf1cff0029e7b3fc9f9e387d47cfe7d7fd4041e779f23eb9cf361e679d20f29ce9c3c97359f50e60e7cf72b9f3bc9e7cd72041b7770d8b7a362c67cc4d867935e7b1c133679a73cec328cf3012644cf322d878745e2c3257cf320da3d72786fe573d9eb9fb43b208ccb1e19d30598f3e6973e6973e6974671a36083f32dbf987cf997182cc83058970599861b73311626d8b12e3589b04f2ec589b6d34d86598e799236179370c17a5c1c5f2e48e36fee2e1ee4d249c4df0c786e473e89cae4dc6723102aab855734a301033635dc301e9dd9bd66c8cee39b3adf42c73b89c60c30375720288f7113a058e06380e21d671adaf51e7ae7ecf31d40cc34cc737bcee3dca85817201af3087a123b75bebae87a66fa0e9837b4ed184918da387e250d21a9c0f276cd6f4e19720f4ac6322e05214bc25922f95ac716bc0b95d11390aeb1f9412a480d2a4f8d1b435e5e20c892fa6abb8b5e97aaa2d7a5b9085e7ad62b375c00689e9a1ddbd0fcf7d093ac24e817234429ee4c8634f97580a1f701c5de2f4ce3ffe8b3d73f669ff006adbc3bcd1d21d61da257acf624b9f2d42b83eef81c3d411d4af61d1c0a4e78800eabf176ec0a9e9e8720a715558fcba9638cdc71dcb75d66a3652cadf00569ec3c53032b65423e6abaacb5ac3470451bacb3fbaf35c96431d3b754b728be72e8586f3ac88ac71fc54eb37a6ef243a19a030019daa73f2e9800c27aa93dc21496bc162126659a09229ca974ed24277ae0dea8ffd0e7ae3a70d3f5aac30eb000ca246115682b3519da1e392106773234b1a8d9d0df4d018b801de97507173c8bc6fa7a40c62922171ad3219659f22ed96a436cc93d81ca33f1f5e24b7ca006296312a766ee545296ea802a055ae69f9e2ba2879eeea59e9476dadf3363b66b92495694779f418f6434fe66c725c3d998cfc0b4a7b34c570e6b408073a66f5905a35e530845a9399f1a93bb2468b2fcbc8498de33fc34cff007ecf5c7d9653fc938ca3520d3c55fcde3eb59f25638d4e4926e33d737a0337acdeb3472a5096c2f15c036e9f1b5aa6492146e597c890295c5496b495513ba054586fd18cd9ab2d38e5b7006c8d8b452d58a692af4b95558d696917b759ee2d3a2aaf6ec2548f28c11d48ef481f2f79f6668f8a84dbae81a6e1617f97ad3b4cd72854bebca7112ba5ce1e58a2209c2336706b6c3784ecd5b08931849925596c16a561524f2972389d546ca56fbe67adfecb2ff44024c709395a07925715f8caea87b6491bcb201c07580819dc343a844676e3f857792970b0c3972cfc955a5c8d4ba2d19a2beac2ce46ceb15eaecb357ef004465b3149058a725ae26369ad24f7227586117696e1e478b8ecafa8f8c8d57d47c79c7e5aa5a86b5a30cdf37c5ca928a7569cbaf9bac8f180aa1a3aef2a3dfaed3f12af359bfea08a014a77b14ed71914d2f25c24324962acf5a62300cd68918779148a2315a6634ac2c324f59e174674327615808fac67adfec92e840e3deaf2af9fe657e3446a24c2f1aa1ed19d083ac5f151a356acd6a4abc557828d18a9c75be7d02f2f3249c36c866e6acbd3ab42dd6bdc8c463b81d3cb7babdb2f3d5609ed7a97cd77e5f927c9269246ef000240eed613d0b6b0b29c8e4688c7cf72b1ad4f52bc4f1729c44ede44c5117cf6e21049358e22c4d3497aecd06805a9656af0505d92c2f252544a52c757e5392e2e7a0cca3d8759e18715fa3c4f672bd8efc9abc70c7d7b61d7d573d6ff006497fa01fde604193be769987703d41c1bcf8805ce3e83dc6a54238a2dcd13d59a3a52f2091b196fd6afc756ad62dbf15c325416791a7416f5cb5723e7adcb0a589e6b2e59493bc0570124f4201e9b184ec123b475c057608d06de07e95e77aefc6f273b53e3ef4d00a7c8d5b8fc8f135efe5ae2b92a8ab7d452a87697af25890483cc8a630af2bc52d78d8610744f4f024f442de5d99dec1ef62c0f4888fa967adfec72fed98f4ee031baa7538767363344600c4f19c44b763ab59511ac0492d7202aa130a05592cc1c6f173c17249ebf1f05ae46dd910c06358d163134304996eb4d56620ef7b2086ce99dcba03afbb9d744e81f127347b580189b39c6d29391bad22d89a7b7596513398a8f25663cad669f235edf1267bf7da28e3965f9896fdb827929b94586c4d564e6783f97858746e99d7378a759dc4e29383a0427e7f3d6ff0063907e998800907d84ae1de75c1dc738ee3a4b6f4f8f9aac2e8912cf109202d1b9a9623b10a2bb8979a919238e49248a7afe7a395b46fc7e73a0963f5153366a3ec02093d066cecfbc482c00de0520ec0cd039acdef1bdfc0a1471d54d3e31c764524704a2336ab491598e52b68f98dcd4eb04cdded7a2692a430795662842255aa633171d240bcf708293ba6b00233b4ef5acdef1468ae03faacf5b0df052efe55b0800eb635d35d359c7d27b7371dc7c552b496cc2b322bb32ac5838dee9e1ac95cddb91f9715d8794acf10392ab28545eda90568a20cb5952ec3159e5b8d7e32f1d8241f68d827a803a11d0938060de1077c2f1e976e4f5a59ec02184fc7d989ea2cb264b1340917c0fc9fd26044af2562095a757918a6ad079629a0aa56c4ed34b02d98399e24f1d3303ad752379e1800da7813a9b3d6dbfa0ca09a6dbc2379af748c009c86bc93cdc771f4e9c0e9e6c3621858c0c951fc87f3995615e47918e38eddb9ad4bc3724285d4568da695d58c4e11ec28026772224537a9fd4b8b3aeee9ec200cdeb0f5246f08de680c009247500b1e278bf97865ad04c2d52ef32d59618c68823b822c44dcb6d72d53bb6a8cf0c95efc152b8dbd75a5566786c2c0f7539096c474a1b92579e2bf4a7a369875fc80f77c4a0c62438f0f5a7d86507e5df1bae7e675dc00ca755aa435669e94b42e4728023b38622b5e845693393e712b493cf2cf2ef6cbbd70378dae3a4b43ba4b225671dc59df48eaf91cd3579bd454a3ab6fb8f774df538476fb3a66c66f400d62819e9ea61e7a75da08b95e4ecd668b96e6616a9692dcb668c6c678e5aa399b12435e4d6fb88cad6a7ab3f0fcb56b9976bbcb10852fe35baf544b3cad2a441072347ea155946100e0f1d8da68649ada9dafad7ec328fd2b8c7f13b19d49e36a8264925896190480f707a9ca991d648ac373bcbc2b0d8b72d9909273b8681f7b8dbd3f1f6f90584c9da34c3476ecf0c7a62dda56b4776acd1bc6c474de86c12708273a0c3da706430c934b4abd5aab0cf14c2c443e666e3c3642cf1f20465db505069e79a7958e139bd654b962a58e1b9586d56b5760126d9f24920aeb35d916c2b79f0fa8292963a19d060c58f5937458cee3f59fd864fdb0f1d752b90412589adf19351431861723602c2c9e5557678eb5d68e0bd79edcc09c3ac040c1d317ae7013fcdd746ee490485648378418915e670b5d225f51d55b119ea4e281b6d0c6cd687bbb1acf4fd41146b5e2f2bcc99323b0268961322d5e2668edcf30823f505d2f31384e6ce038a7a71bc849c759ed8a4c99a554845b796352f1830558824416e54b14ad0dec0d62ece4daf2e03b87d65f6193a563bd15e8338a83b21ab3cf47047c7dd6b5564858d3b492c10c9ddcbdc42e49d1d6fa03eee018015114b24724b3436d10348165ee22141249c829152c5996580c5e65ea72d0b67457c70f8312737dc0fbd9429497ae4691ee7b30568ebf225a368d4bfcc346d1dcd2731c90ad196d93bd1230e6ce0c0403c05e4591e3132821103c9321bd1c658798dcb426d71dad051806b27e9156eb5bd67f617fdb9f063a10577b33a042c2596478c892286dcf14269436dae5b14aa13a05b1b470e89de87e5b18a3a7a6afc71597826966b16bc9696496402a013246570ee7ce5e18b92e2cf6e7bbb3ac230f82903385ab055a3b359b9fa72cc94a243104913164472e248a7e77908edddeeea48383649d06e873a0c246c688e36f4bc8539ecd78ccf2cf69e498196bf7c794e78e0b172a4dc7da0469588337f46975a7eb2fb038fd2b7868e71703c75ec79ab5a274972145091cc8eceab33f27c84bc95c24f703d3c58839d709cf0cde742b5ae1e4a84f0acc91f0933b164579bb0195de4156d1a3679ce2d78cbc428cd9c3bc1d4713416fdd52d66488cf5d6068df2368d5b58c137c9de7ad53a61d60d9c20601b21b408d668e03d78be44f1b72c565a73d995d636595a392b1699b4579caf34fc781ac50372fede81dd1f597d81ff0066de3a3ae328d98ab4dc6570d2d4b55d56381ca410c6792b262a65d8827078ecec615ea7783c7bb78340711c97d3af4e129bb96d1790a34d0c384bd89170d4faa719e235d75847bb5a9b53a6a359ca1b3114bb0cb024f218a062e24923b19c95e376de78e68e11b1a07d873f21bd8f1a33fccf13d711599a2e3d8b55e224cbfc4f757d30c503736fc8e37edfeb1fb03afe89b387ae935eacd1d4a967958a10d0c24cd416647e36675e4ae2dcb4759e380751e3ade6f0f43acfc940ceed670b71ee7141175359b8e5a95b8d154aa1528b0c967cef53f1f04367c4eba70152b4961e17555ac8472d56763f32f5eb57ed91a548fb79fe4664a5e3849d7503ae75cfcb35ec1ac1b19c4dd142f2713d9660e25a344156044e4818262d66bf3f5920e4c6f253bafc59df19eb0fb039fd09de7a6aa7725842ad2d64023f999acf1921b16bd4973b51f58cd841cde8681605b3635a217648de03d3a9ca5767a36ec793de10a3491472246ac4d4e31ac641c7c313dda10da8e68648644576925856b255b255d27acc1da4819a29140a31c92c8f0ae5bb32dab049c3a200d8507340927a81b2a3a1edcfcf583b4e7a72f9b15f90631112d6af7ebc13add853afa9e9815f63727edf873be27d61f607fd91206529a85482adfb72992e246d0d2ad2c8a8d469f3d3b35863bc39e27c0605ceb9adb10492013d061c19e9db06c4465190519a67adc6471a43cbd2971b908c9685e687d4d48ce9c3c4b5208942a4cb0802db29ad61a28a2314a5e7f2f39fb2632dd70f4c3bc03600cd6107d84900f424800788e99e9bb4f1c92c71daacd6e3ae0dd98a3dd699ad40d3d253bc93f6bc26fe91eb0fb03ebe529c02cdd5733bcd2d3578ecdc8956fb1115986da5cb7f356988385b63ae78824ec78f866860deb3a66f0686445bbaa3c1caac514502dbb6f62a55f4f455e1af079627b10d759e485459e34cd5d1830e4565d442d313018654ee6c8efbd3a25d8b139a1837bde13d17078f80d8d93ac1bd8f02738db868df585cc8956c0c14aa02d64416a6711adeac2ade93f6dc09df0deaff00f9f7fd9710a3e6a150914eb7099965e326a73bcf52597cb8061234cc3635a07635ef6ce7c39dc0e06e83b744751d70eb175dde9ebeb56e42ce56cd21294ad0c78f664956e7a92ad536ae58b52d4bf6e8cd173bc4f2c6ef1b669af46c28af9dacedcedc8e5b1b19beba639da47b3ae01a1d4e1f0033a9cee20e03ac1ef2f13389a0bb78d70b5b93b39351616251dc9cfc3e5f24dfb5f4f75e13d5df60707e538c08b021015a12d97f8e599a3531a72cecbc5eb5841c20e043b0bb2475d6b3440edebdac702e051a0a40ed39fc2aa5b380e49ae526b3ef723cdd1a8dc8f2b7f92682a5cb2b15495a39e4899c1d0e2f9ce47896af6386e69ad56b14e4b160d1a1ae98a08233b4e9735d3401ed3802e1035ae9da066b35d57407a62766a3aeaf146c48ab13b5c835ea743dcdbf94f4e7d8fd5dff003edfb4f4d2cad59f886627875192716a81a9ba9e538649a9fd01067f8fc7917a61a7947a6c03fe391903d39169bd30122ff1f830701549afe968acc8dc25463f43a24fd0b8f6c93d335d611c0d205782a44f03c5430727cc731724936061eeeda922d5ab5aff0026f934bcafc89e2ecac37f84bfc747d0af19ea5b95e3e7b8ba4792fa2f147070fc262701c3cb1ff8ff001b9f41e331b86e1504dc1f0f14bf48e1811c57099f45e17e58f1bc20cfa6f079f4de08e3fa678e497fc6f8eeeff1de38650a5578faa21bb26271d7db178fbe31b8a924ce6e3ecacdfb3f4dfd8bd5dff3e7f69e980c2a4d24d194b6f600f51bc762701ab728b1bdaf2e35c1e4c82a2a0e42aaa98540d05526cebe558c6a50a3671217eb55c0f240033c7081f4e3247e668671400e57923ddc8506ae5a6aac62a162b71cf7b90bf5e6e2ee5cb5359b6b7a45b0a95a66afe742772f387fbec3377e0cabaed77ec4a97abdc1c8ecd29fa721b1bd8d39fedf3ccb0af9cbdede309fe7624a59f931a59de7f91afcebb5d5e5151eb8b0139f8f5175f93f4c9df05eadff009fff00e4e0401c6f96b2c3371dc6453d6a93d7b36077416c39bb627b4f353b258d5dfd41677af5a3bc65685cc8939fd2ca5ce4265df125bead577e4f7856dfbcdbfa7dd90d6ba85c271bf77be47cefa58d316eb4b347456c4fe7de887254252389e329db6a93f351168ae5b16961d09b9c24f3ad5e38e679dd5e9f549ed41596fc0f66e723fb2b642f22f2840b61d6571ba3c9a1f931e5ad960320d0991e37cb84c53727d228816a95ae3b4d4a0e0ed90339c7f3223fb4f4bfd87d5bff003e3f69c111f2160daf2a08634cb43dcb3fd1bbfbeb201e6293f6253fb9dcae678be46d57346cd50f63fa13958f208d1538bfbbd621606b5e6cf5676955bedbcc125598f6f1607d5af1eebb56c4556b24b45b8553e9c39c4371911e55b8896c13e9beebd1d69385bd056a9562df9dcdfdfa61209d629d64a5d12e71f5ae09a395a3b33c7678bbaa3ea775c26504f31586e8cf1f9b0abcef236b50749acc3759396ab1cb3599bcea510278fa63f48a8cd271e97d60e5fac27f69e94fb07ab3fe7fff009781d7d3d080893509cd89c8b329ee82f0fd6cc1d2e5782474a43fb9cb0b4b420e3a78a4a94e38a1b3fd391032c2aa838cfbbd71b81eb332c15e380b7db790a8664e8e38ad7d5eef4b7528c1354a662b543e5a616791b06952919394e329c12589de394c9eaa969c9762eb373bd39d927769e586393299f76693ca8a5b91d782b23af03707f74b54a692c538248652daa3248b1a470c60be88aa772c90c6f1dea8c24bd1ac352ab30a71d2905ea96b85aac3c39847483ff8fd27f60f567fcfecf91e9b024e3a7f9811bf108ad171576bd890ccb5391ef170a8611d6111a2bfdcaa03f2c3078d8fdb76e8ac3db271647d5eb01e46b0637dba588b03bce2c6b96bfd2f446b8644920a90c1518dde3efd8b1c5d5bd565bd251e2716ca8adc8b546961d79bcf0fefaa851c75ca7aed2032fd328775fd9a76f7f53d6768c63fa09503ac559632df0d43b9b78d12349cbf58e48e47a71f07d977e404cd089b5cfb90a3f69e93fb07ab3fe7c8fe47a6659be51eedd40fcb28c9f98aa03f291b6725c8714298e538107eafc0657e6f82af67eb5c383f5ce1861e738438fcd704f07d5780c3c9f0395799e0eada4e4bd36b8395f4d68f29e9b39f5fe00d73ce70247d6b80ce1792e167e4b9ae16fd59411bafc9dfa51c7c95c86285eef93352b9e5df56a3036d900394bd3f208fd417f8817072dc0e7d5f83061e7f838a3faf70ed839de2867d6f897137a8b8ab12fd738bc3cf71783d43c5f92799e275f5ae2b3eb9c5e3faa2a4b28f53d618dea6adba17aaf25020b7195b76d42f297462f257c673a6615c1fd1fa47ec1eacff009f6fe8717e61a02ac2484881f031b77a730bddc51eb9f9b6c00fd03139bd9ee0703677100bf40c33a05de6ce0dec90338ca3f27462f36b3dbe1f89e4db91e2ef71b2688caeb02c867b2d14f66d593c770b73901523a543161ee927aa2fd42083dcc0ef78360f4cd9df71df4cde8f7b616e808c2737bc5de6b3d310ff0023aedadd75793d454581a34f3d48e769bf94f47fd87d57ff003fbfd3f0d2379d19ee4134aab70dd960a50da48e48ccb483027c309384f5ea46f609d1561a6d8009ee24e17767d6b3a800927d3f463b36ac589a144b53801926449a7821b3e99a774cf5a7ad2d4a56ae4f1715c6f1cd34966d956455967552dde53d4950331c0460248de13bcd9c563b3a383067439e041c1db80e8703088aaf252da8ea717f3b66aaf1d2c5c8b745f504bdf753f6be8efb17aaff00e7c8fd3714e91f291c6d0e3d75920dd74c4ad71d69c50ad9b35a4ab3b0387433a9c019b08203742a4ef64675c3a200d66f3aed10931506e3a85a805b8aacafdd240032d8d34b0a4a0cf1dccb12c6f55638a1592467b2496c8a1d2bb475d62f95736aa4f52c686d0a8c0490d808237bc6ea7640d68eba8f0f11d01af03599d4a2e476bcc69196130f93d96d8ac1c9c8b27229fb6f461df07eaaff009fff00e43b2248d6dca9c6c6ef1d3b4918a31d709e5dba7ea681d6f30d03a20e8e2f407633a1c000c20e12bbf01e0541200de7a6e9947878e48629aa1590b3a021596785da20e60839bb2d52a701663678d9996c4523451a0543392a0b964af12a73b59ef5161db83583c0752b806f08e9a3ade02466f641c0467a7e167b9dff0027526bb46678eab4466ab7b762cc7041b24c7fb6f459fec9ea91be0075a673d396524a13c815d6f4ef7d42a723c4a2d693d534da5a6c0eb37808c27600e9d406deb5d074c0367aeead696d59e369c318e4a69a2ad5e7f3aabd689d64aed13f9843c93408d66ccb667049315cf9faa64dbf7876678d6496c2c31c56639648665af2f2dc6bf1b7359b1be8b8335bcd2ec83aeb9d0e75c2358b9e95a6560e696598d8f9896516e1172a49279bea6b80c23a98bf6fe8afb2faa3ec237f2849cf4e4eab7d2392c44dc57e8a54a84c9c8491c4b68f7dfa5271f6cef43379dc067bbbd8c2001d35b52c574467a6f8c9e2a14be5c569e057679e6e3628e4b1464e3b935bef6ab8861f5258863989d95d6709c84346ed8ab3453c8923402f414a1926b57258bceb2e86454bd45af71606f07504e947803a1ad61f0f1c2411bd67e752abdcb29cac4d90db6b50d7b115968384589da25ab173f293681eb0fedfd1277c37a9bec21b559b2395e292adf8f53deb0cea650c228d4a32491f3f4da4a8c09c2491d0a81b0188c274bdd9b1b201c0db5e268bf237ac4f1dbb10f2addf15b0f059e3eadd17fe6631428c14a2e5792f92899b64f80235bce3ad9bdc58eb96a3733c7c72968e011c55b8d95c0a71d78bd49c6ad5b7d7d836306c9048249d13b2cdd3ae0e878a85a2ac4a468d340f2af23702d6e52bf772562c186695a6957a9887e9bd0e7fb47a9fec237e438c07383b8d3f1965fe56a47cb4f246f72cc7353b334a6c88132fd29a8dbd1de0ea40e9dc34abd400335bc1a020ac78be29bb8224a58453bd69eaf2b0f779e84cf29039ce423b768b2e7539bd8de71b7e4e36ec91c504b1429ba74e5774829f1eb7f98e3f8f34b993726e4a8456e09239237f0cd9def17a1380ece0272a549ee59fe516941296a2b292ade745276390b1f2dc61f1049301220f431fed5ea7fb083aaec759f9f19c83f1b79418de6ae12e475a08c34eee67bd0a3df8e4e4f8f3ace870e1eb84039d4e2ec7b3d3bc5a5fbd705af9d9778918458e5601583ac172c531c9f2229f16cc0675c384680f10c77e9db29660a74639140d67297a4b4d5381aeed0410568adda84afa8aac36233bc206c8de1cf1c1ad6f3c338f492ad7f9e8e613579628e452f18aad1cb1a1925e4ae2dcb9b38badd7fe8fa14ff6cf53fd87ff009db0fc44e9b85bcb3d196581a5b766280d8b562d2b481056b4f0cdcbd18ebc8c3584ecf401ba0d9cf0c50e71e9ad2815e548c525987600c7595e1544ab02589f93e40f23709d9ea735833433aee0b1241350bd1d98b94ab6d6d41c757ad24d62b5637b9320cb24b32d492bc325ea73d0b5be837b049240cde74ce3e9ad8999da595e558cd5b93d59525a171ec413d67bb61ea533b049c1acaffd1f421df1fea6fb0904d76c3d736738ebf271f7391b52d777290269b7244f632347078c8c4f0dfa13d0b277acd0d7ba306ce7a7aba57c850a2332aaa3d7b70c92f9b93d1916b865ece6271438e2dd49de74def3b86bdd001d629ebe98e4562b2969162b5caff2deecd234b23c0ca4306d3af210fd478cd90365b14927c33b4115ebc9667b1c67cb501a388ac63ee59a38c978b8fbb6216e4ae476ed9cfc932b0fe57a10ee9fa97ec43f6ae06dcef083b074786992e55755922f314645dccf5b8d1db5a94625e6b874b7058825825273677a24d5ad2da9b91adf233ec00f3f7811bd79294b716611b472a4950adab32dbb24ef08d01acd629de688c6ee0c46821dac57daef13a2d24932429232586ade6475ea868df8f9ec477b9be3578dbdd73b98803157b8f05c23458f5a291aef102695d64490acf261d46b766356a1d83d0e0c006ea7f4fd067f4bea4fb10fdbc807b083b200c89de379654e42044695e8f166195eb55ac8f345712a4eb76af33c1a5f796178dbae201be1216e3e857b366a471c556ce58e290cd255305b8e248a390951ea2b5e5e6f6493b63b200d9000ee19e387673ab0572a786e4d6872162b353b373c3e5d9caaa2978522c6925950d71c871f835814eb89e0e7a8f6664e32ad69ac7968ff003f56f518ad8b356c539418d0589a4b137c40e29c5ca7f0fa0ffa3ea3fb1a9fd348344f8f41874314e717c83d0b14ab570b1c494a22f6e0b11c7311e7a5486dd8667b75a3e5567826ad3f17c7b7257a79d2d5869a5494859516eb956ac24811a3757b5f255ddd98b1f66f43c4f88234074ce80e86311a1d071539e47887688c6b0111acac1551507e682643cf55884e10b353a8281a377e532465962b5541b0b6219e4a72a5886ea5685b92b71cf26f59d4603a2bb183a0a79e823fcbf51fd8d3fa0dd4b8270a30ced19aeabd3381e5c522c64b502d4b02ecd0c5452d5870c07688a686dc530af6e15a0dc2d0000c94b3e272d3815ee2cc90c8aed0cab7a7e7f914b16dc9ed07476c41ea3dddb23216208ebad9187470952a0e71f7e7e36f5c8a9d693b7ba4b13f96629dae3cb279115177195224b621aeb47276f263aab2ac742efcae22413c2785822b52cef4339ce44c923f8903408c006805c5e994bc7d027ddf517d8d75e49231fc1988c3d082466f41580cf4ff00342313728b1c76edba3f9f5a167f35f237629044b31938cba6bbd7618d5c48d769d768a38cc8d0d7086c5a6a1c7b0185491a000d66860d6cef37ac5def635ad6374cf154eedfa767f9cac1b78f4afcd3d5a9791a0a8b032445d2a70d34917215e5b0393320a90dbb93657e46539c4f2b0a28e496bc5ce7312a49b40a400dbd60ed0c34402bb43d28f57f409ebea1fb227581b58759d3090416070788d811b46adc473a6487b1a164a956a352b82ccf1c72589e98af0a52e5d2c5cb54ab5ccbd45d1e68248915554243f332f2d7c7237885c2480c4e29cf8b01cebaeed83dbb3b18c779eeeb4005eddc524b1c962686e44f0c5218a379329f1ef39a9c6c35db93e5dab813c97e3bd5a28b2c190470af990574f22bcfca4dc7556d61206120e74208d62a36c7ba575ba23f9be813effa83ec807f24e2d59655ad14730b51c903e860eb8706f3bb38fe5629a3759217586285a9f1fdcdc844b2c5f236abd4abcc721512972156fc737151b3dce3fc97e5685fa9c69d956046769deb06803a19ad67e5acd9d11b24772ef418ef00383447a6927d45c6399abf0ca72c5aad4a19eddfb6adc51b547897afbbd5a1ab25aab352b2075b77529127784f56eb849cdeb2346625628f3af77676e51e93fa04fea3d41f6451baefbc8b91225b5562b795e69a58ec569a3049c3db81c86000c56ebc6f31e5450a2d4829538ead6b14ecd95b3c6c743862b82bdd1156e7679ad7292abd95799e695a3b2cfc271d3bdbf4cf3103495e58182ef0a9de8820107de04866cede9e5018b133b43c27292e37a796a3415e9419277ce68dc5f3396e4b91a53d6492d149124ce147bd0f0d1c0638d9ebcd1d7922b9c8ac6a4eb0f811d08f77aea185a591e38c4756ad96ce42a2c1311ee5450977d05fbbe7fecb18fd32f9644d14909a04c86d539af4b08b51bc880007601d96270b038188ca1c8dae3e4e279749b29dcaf753918a49e853e111072f2cb666afc671fe7dc9a4681982ac72b359a3124fc954a356c42dc7ca56ff000d5628ee713c14769b87e189fa3f15a6f4ac0244f49d5d2fa5e8288782e3a47878b78d62e3ea77f25014ac5fb0c33173c72ac8cf52b7274bba6a9c9d8a156e0e3a9cf51e79a2822e539cee86e721258576723780925b79a2302f72984034e8199ae5a8a3c063923edf2da8fee3d07fbde7beca9a358901a017364f96b3cb62cbc152c98629956d5aafe4cc4901bdec1e2364063b5720d2f50891eb72ec90a4a92a5bade6cdcabbc896e7596cdcb09ae3e271271f1b186d2a182259ab54bfdcd91c8d293368ccc1ebd41fa8b534d14742ec776bd7256ddd33c86bccf5ecf25189f342442aa97d59a2342c01725ae1aceb42cf33183c8f3a1e59ac4b348c73780f5ee0701d622991c318aa959920a962c4d4543b8656057b40a3b167d067f5fcf7d9935f2ee0e1f1577408f3559ab5f94497697cc34162379debcb149b620786c9c248c0778adaca97ed53968fa86b34b0733a4b573b95fdc1242ccd593ca1c646456e4aed033c094e4944c5acc67cbace370aa95ad57a59b8e58f031bc42c2a817d235093d181cbc75da5aed566911ccaa7628c924955f9b859792e7d1cdbe4acdb1b3adf4de874d02367076e80486b54aa6cbb5554a70b10a076a295d8d6e8e85bf41ebea5ce7d9d7f6ec3a9dae778190b4618d6d1aa96619ed8a2725b123e03a24938491848049006f3bb4cbd32addb74a4ff00218ad411209d7b976d1f72c08adc97214e4b36ea42b24b75fc97bb622a805faaa126f363aa7f52cc8d2f1d6e333dadae7214a3b9560ad7aa446bb4fc6f2a3ccb2c5573b240b1f3756858b3c95bb437d09d66c9cd00403b0a7470ec62f414eb49725bb6c40f0cb306002d7ef60c17414e513bb5e83e9c9f37d78843b81f0fbd846c91d0484ddb2508ec75c6237e03bb075cedde6b37a1bebbd104e331d75261e6f928d2873fc6456b8fe76a812de86c4305ee3507252f7404291778e86ce4a1560abfb99236613f0f52c5cb31f9b3d7e429ad37b7c7996cfa87c9cb1cff001cd55f9cb80c923cd275cf0c2468eb14740060eed9e848c3d70779305c11d56d1c5023adde4c6462f82e521fabf42fddb99fb4a758586107446c0184750ca55d2319e3877a05b35d0f8eba76ec952074381778036b446688001d2e44ed198b9be5a2cff23ba615e6a0da72fc71c6e4f8b7c3ea9a4256f554444bea8676ff0027bf1c8dcef22727b562c11a19d4e6b43a1c0b8334306b00de0ed03a6119a8f4461d6ba61edd78e0035d0674c046a895f99f438d731cb7dad0f9618a13dd18cee88e1ec383cb0498b0f61c2a99a4cdc79b4d694e74c0c06798b85f36761c8c329c2ee73b9b1646004cfa2efda246d8b0e019dce798e704f2ae79d2617934b2c8b8679483248d8b2c8b8b34daef94e4724c079f60e192638af32933592a7cf6c0d6001259387e6081f359df7083f38484b87377c1eee40e76f2047672380729a44e48e21e5d57d1f5ec45cb4be5795fea39fea39fea39fea39fea387fc473fd4b3fd4f3fd535fea79fea99feab9fea99fead9feb187fc633fd6307f8ce7fae61ff1ac1fe3783fc7b47fc7b5feb99fd870fd073fd7f07d0b3fb2e1fa2ec7d173fb461fa4e7f69c1f4ccfedb83e9b9fdbf3f459fa3cfd260f96cfe467f273f959fcbcf773a674ff00f3ffda0008010202063f00333e6c221a22a8eda151df52a1fa950fd4553f5154fd4553f5154fd4553f5154de5502a354f00d2a5fc663a157dadca5fc67400a8dfa551bf4af8762b362aee55552aa554aa9552aa534de17f67ecca5ce32b34224caed1a3a54c22f7cbbd6126c8f864a9f544f6a83534c63e2466e8e247118c1a2ba792a4344bb14018e95e210dea23a11b91808c2b1b34a2418c76ca790a67a42fecfd9901342e1aa289713843a205f1588ea17432c495f9467aecb35ec41c2adb4d76a0e118384531d58186a2ace3b723331114e07ac0af70cbcd514a1a2b2974d66158dc10029e63a108883ad22b1bb5517e61bd441cb89b74c5f05169c208b5784e2be08ce3d6e4cf48ec5fd9fb5122e8c1627443250ff0095ca26f965309a8999bf95ca454869458e3e598d08b01c4734e0a4dc3ea3ca2bc45bb3bd09d2e01522a1ed96b6398f35300fa4f38220dbd68a2453877f15122277693c138931a2c425c752c3198cb16ec45cdafc4db96212e29ba17f67edc93a090196024054a2db2d587e95171bb32f08836f51897c2a2c210852ce9ce10ce8e11ab30502bc3690765148e8ff006d376db90750dca074472c6dc8d5fd9fb7a101aca8b650910816ebcd05e33e2b34ac4f9ce1879a02ea4b828b8c516b4c403d3c20f89d385b04626073a81ade8b6b6289ac540188bc762875d0a075741a87fd9fb72caa68a0a2295fc0204798fc22d589f376e1a144d0c8f34678dd70a29995c29dea6a3d124d05545a6175c17fe587b8dfccd3e21cd458718cd5d614750e2724029f3588f85b65e7473fc5169a8df9f285fd9fb72c4ead0a31aa855627798eecb98a9d4a8bb6732a1d170260ded2a2d05cda7e17a7071f8642d8ac7120794713a9406488aafe47f8ae6f3513e1b9031f10969cca37e41a4afecfdb9308b6ba3bf9ad36296c3c1623676f776e8e810b0b475ce7aeb5174ee0a2d14add0d3d08997343f8cc616f69503e219e68b87861d6a84059bbbebd038bc86b9b3a83243f31e0a358da6bf822d3a4641a4afec1d993158662e82a437a9681a7acd00283a21c2d5e234b0506beba90cdb35053cb0164b9f5e6839a75283bc250f6c4da3c4ee5af9f488362deb15db7664f98f6afec1d8a0258a5b54a56725484785e89b1b21aebc3a44146232103c4eec41c2d500604f52545b4dc835c28a5195747153a999eb9ba40eae4a025a39a2a1f964be63da57f60ec406b59aceb3ed5084237753da8035a9d2667a65f08c2b0501e06c740d2bc11769a77a248830da64239b4a26f96a0a2a88dcd9ebb06ae99559dc3af047036c35ebc118eecdf8a3eb3da57f6351174071e2a04c8e6d8a029c1c61fe028b7db118f885d0ce839ff00f90e7f20d17f6675320912ea2cd4a22454e8a53348286d379b4ff81d118879a14aa90b0f85a248e26b9a1d78cc51f59e28ff00d8de09c4e2f3424e3604002ed507702a533598d374159b3bd105c043377af3fe9ef44786598f35386c3cd57722620cb8ab102e17cac888735085aa1099982792c20344e2608b5c262d144d84aabcdd89c4bdde130942e8a2e1ee3e99b92ad8a11365d7af31dc810633b51909665fc8f11742e1a2e5081d1127714d2006cc090ce11f59e28fadbc13dc41741ce93676af6da006b4bc36025547433f72a580f34e866de541c77c6b44ed390688a3a38a69d5d76a1f37ed44c0c0b80d883831cd2da4b723163c97d64802261d01c4ef4dd791d8611c62ba027e705ca1a143af982eb6a1a509f98117a23f2886f72c20621604cf5047d651f5b5387fccc35cd37dc2d18dbe28b4427a671d8b53776259e41381a10a514ed28208e8e280b90f9b829c66657218e41b7da51633c58bcb040ce51a5f9d3749ec524e025e2e09c5c4794800295d05139bb5456b528db251a93dea52be55d2533d43b423ea47d6d4e00900c3b33415bd7d51584c06a1a2e82a9fa5bfeaa4e70d4dff0055e777e9e4aa7637fd5798ec6f2553b1bc94dc763792afe96ffaa2e6ce0481411be92585e29638290034363140b8b48b4285b775a29cae877aa9ddc954eee4aa57e0ad56ab76aa22d6c212a8e2a5edc7e622bad01074a153af8277a91f5b3b5039bb3f1526c4c6e8a8c866151a82045bd30d886e2308dd79d48004812c30a000283c683d68b1471377f7ac222dedee53b50c358a85dfe03eec038463032ed4e258598e80d34a2ed3bbf14ef52f9d9da846f404315f8a9b243728194a97285dd30c61806991587dd11683025785c26830795933a6c1c762c42c5032edee5002bd677f629ca2a3d287e696ab772d6a908d6124e204270ba9a34a77ab805f333b724008baeeb55171fe315bddd7ac134b492d748933d07a5845a27a3bf9a2e678ef1f177a8619bbce1c89f6b13582640b736b2a1535273a82de146d76b5e280b8044521d2951b2d76f5d2a68c2c162036e9354ff57008fa99db91ccf2974c115b91c4e3e130eb208b047dc7153adbd089449a9ddf829cc28db78af7a36c099deeeea6dcba116b06689aafe4f79cebf0e6b3420ef6985adb446cce503d0ce6414a7daa050bbcdb29bfb323fd5c023ea676e404544d4ce16dc2bddd68a020a3b5472e11a4f0e7b16619006d4c873d48016743f918221f223fe57a8fb849b08e650000eb994f2c4a2e3a068efc87b54c40ba7c8647e91c11f57b7f7658a94c9a288838d4426068e6a366426b9afcca20cf3de888d94286119a4b1931b1a735fafb21d12a1a9404d446db3bfacd40d4648d40a42d37e85384724e82674d40e395fab823eaf6feee81169b54c6d9acd667ee5072858dedbf86d52531450ae2dcdb76d3a72b578a79acefd7922bfe3dbdcbb544141adaf6200657ea474fb7f774674edeeed511394d44cadd02fd26cdb62f0886653b14282d3994488175970b075b7fc11b449484ed3cee5f98eeeb9d03614601616cc9a73579353d07e808e9f6fee51f6c46fd4b18f99a650ce0dca20e48153a5d7a9409a9b89eb45280801441ae6ccf58a8011118cf37782a06214883a3a33305e104d91a0eba178b60e6837c8d11ba5a34af081a6a76a9eb585b33bb495793539225623216591408b6c4e37b5bc51d3edfdca20881fcd21b6c58da5add33d324e2d812da816a88b724178662e58be2cf9ae44c664cb49b75294a3d941b944594d366f530d95235ccbc248d7a14dc7772458d75b09c139bee19b4dfa94835b1da8b6e51408b6799104cb3afcadbedd439ec500219095584e033a25e7c96715c13fd2de28e9f6feec8e3095a2f58fdb21aeba166840b416c6a388e84d43cc39d774adc83398fd33ed828c67a943adaa62d4f9460518cb108e984f82256955506880ac5dcabd8813e2379e03a1171f0831d399638e10260230bfac723bd238a77f5fdc72b489e1967b874e602f0b8b61ad48b5da64a303aa1cd00438c33273c440712689ae7171c20b40950eb5f0b77a8b9e5da24a206bb76f4a0501486577a4714e8dcde305476f5476f5476f543bd4c1dea8a8a8a6a4a705629e15f0af8772981b951bb951bb951bb9483772a3772a3768526b7685e566d0bcadda17959b42f2b3685466d6a3840a4e04705ffda0008010302063f00f864d892e8df0b157dbfd6bcccd8e5e667d2792f337e85e6fd0179bf40553f40553f40e6aa7e81cd54fd039aafe90add814b11d014c7b9b153ddeba94c7b83e68705ff00c9f5f72f8febee5f1fd7dca8efabb950ed54de57946fe6bc825eae6bcad97ab9af2377f35e56efe6bcad4f02c711bd1ffaff0076400d2dd0835a20e222ee480b4ccdfd4f46026a6e89b9be23cb7a2e0db61e2ee5280d0005175848df24f0043c05128f59804a9cf4a33c3011510318cca07a1016a00bb0c699f420d708423ac532bfd47b51ff00aff72922079834d2544d80f111089b2169ccb0d4d5c6f2ebf46580112bc4626e6f13c9164000e12005bcec45a61169eb34e6d2232115fc17b9e930d8b5a1d6e1c54239b3271118bbc22158d13dcff87c22718bbf145d18c7ac75d7a385d48d6ebd61f71a5e5b481af58a25cdc2d349c21c95d1a453fd47b4a3e8fdc80333186b529bceb02f3a140561030cf9444c01308a8346116de74a8d082a0ea8a7341ed1278ebc907c308accc06f5338b42f083d76a20db5c9070518d2f4c01f02cbf9a0c69f34e59fa9d7059a9dca1082820e81c2ea1cb85da8c6087b6f301f0ba158e7bd6171ce21a53f4f147d1fb90cca553089aa8e48ba7736f3c020eb6cb80cca368f373458c02649beab17baec4e338099ebbb3a0035ac6d05bad4e24e7e9da9a7dc7e076e9af108b7f30a2245d0daa620df8bfd79a3ed101cca039f9a94c198cb86c82ada9da57c87b7a1134b05e54ed443b5675ff8c7e0b07b630c44dd5d9d79a2493e2ada73cd41a21da9ae708186dcfd305f2634d6cc4810dc6db61358844b0fc2e087b8df0c6786a34ac2c310440df128b9cd2d249c2d74b5f344935ebb147a0ed48fa0f6e50c1f80539b281c2cd390dc3e23dab0324db4daed3c94ab62185b017a8bfc4e5068116cdbcb5f480153450b82f012d1f95de5ee585de075ceb74152a70b39fe0b134eabd627280e4b0f99fd9a7920e14394e80be43db9496918dd5859f82735cdc501b76a1ee7b7e53f09a8d0b037ca37e5c30189b239c58518088ebc161f6c6237fc3deb119e29ebb7a2d3527b2feb9d56050829cd12664e5fe3f6fc37bb9735f9a3545a01c2edd9f2fca3b02f90e42eba9a6cd8a2d7434203ddf0387c429ad606195fa6a75f5af403c595d0b13c8c3f9453bd41835a21c74137d9d08758238c618d9985028b7c2506b86250fcb5d3ddd005be614e4b17b921720d6017139d4450e4f91bd817c8ec8d1f96cce7ac14c29f95b328936f44fb6e34a685e1a9b4ce3d762266d1bd61d99711f8bb2c441184df6288f1047dc35a374f772e9560685788ddb9068034e41e86f605f23fb108e9d9353d2a76280f8a67974a2118f8b39ed4054a05db1141b655da3bd78bc6dfccdaeb45cd756e9a3880370beed0a5414e7d2201f30ec5331b6e19237cd0f437b02f91fd89d1244accff0082835cd766b5789a61b51d9b3a60130521aed5184167ed5220b8cca80041becd6a23c0ebdb42b09846625bcf0dbfe19a0421e81d817c8fec44de545a0c5b3063d8844ce5b5b3e1fe0b944eb501dfddaf6290303d66548d2d0a0f9e7589a44edeb728f587f806cd9256992a8884df40ec0be5f73ed42108c09dea313b4ac2e7182f314245f185b0ac73665e43f57726c89c4235cfa150edee5e676e4c6e23e3761dc4a97b876045ad24f94c74c7928c544d9280e6a3126c1141cd3a8d53ad90ed5e41b5360d07108ccea41a58d13cfcd074e69a41262e828759a84e8bbd61698039cf5b5124839e1c53a718027714df42f97dcfb530461168aa75a70933d0beae0aa7cce1c9341b81dce51684cf47139044ccc82f64ff00fa7ed2bdc1648f0e08fa59fb901ad18b9ae0ece800e680ca2244861249e09da076a89b933146184d34a66620269cc838daf691b1030ac371ef4342324deb72c51c0611894ff4f14df42f97dcfb537d30d92444647c3e2435ef828c644927594d22cc3fb94d33d1c4ad4508af661ffd9fb4a73bf3573af959fb94acaa25a3113209a5c205be68dc8e70211baf4ff48ed524cd09a1a3e20494c0eb81400a631542e4346468eb62998c299b527fa7b269be95f2fb9f6aab644a9bb7041ed2e88ce6908aa9fa9dcd788077a893c5795bbf9af2b65a79af2b77f3553f53b9a1332a1c4ee6bccefa9dcd00f249201ac603e1ae98ac4d3ac2992657c118463c74294e128d8147cd7c5795bbf9af2b77af2b540123e6773532769553b4aaef55de8131898daabb404e3281041867099e9e257cbee7da9edd0eebb140bb0885636da8b03b15275a67445dd32482401122fcdad1719b898b945a752c30838dcb138c45c28a02c9231a10a531c2cff006d0b442f420639d42f3d7b133d3c4af97dcfb545a4824424a24cecb7b54633885a7a731375796a589be1254c23ee1f33a4de256134776af08c4ea407151f70c70ce028145932c8c21bc74e374f6656b4e94cf4f12868f73edc9188005bd8a0d18c8d9b510e803671e94a1e19ce91b16178c3d8741598238a06e8f5daa54121a32530b849d05807918610f2caf28e03fc8e3577c3deb15f3e939cfa1a59444fb6e1ee012ce835c0824d0c91299e9e250d1ee7db91aea869a69420d071041cd18668b4d9d11038af22f41ae027ac4147db311f94f02a0251ebbfad72875864e1d8a700dae114ef5013e68827a358013250f6fff005ca1596d45cc260ed9b106db93dbd07b4a1a3dcfb72106d921ee3ce2b5418dd083cc9c37f4319a369a6d51f6dd81c6cf84ea587dc1fc6efd25404a22cbad2893d0c04cc29a9482c3b3a01834b8e7bb52920d3e3177244dd93dbd7c50fecfb72ff1bbcafa69b94ce222ca7d4a24f0cb5867bb3a0c230c3acd0260403e606cb510f3115389611185606cb87463a91c4626d500b11f084464cfd9dea0b8ac67cce886f13959a5c87f67dbd09f537a92c2dada7af5d748150b5df6f7f2525232a665210beecc14cf4801239ee588cc8b4a88f2df62c570dddcb1bf5058d8206d0a88b9d41bd47ac32b3d4ee087f67dbd000984eaa55bfaeeeb02562224379b941f23f9871081a8bc5142f920d1f0f6dbd304544c2077461a95711b0462a7e11723ed38e6694007389dc83c90d266e0ae0283253237d67821fd9f6a83e42b2584ce506b84f56953ca1a2d400906c87129d8847c523484510d7070dba884d78185ceb067b7adea442a7460810259d49d2719e645d0c6eb05e8622617506c52b29a945c20e12513b32001400c4e365619e09c2b09c5006c7b87621fd9f6a84e39960745d1a425bd0c516dd1441a8965f157f373bd16b4c1ae318b6dd680a084f334551b84baf62036f151bd106e8a9450309911aa8b4669f5ccade088bb8cd3d86b4d75441b259f3206135399bb9a99c800993442d25a4bb35c8601ff00b2fec502262dcfc537d67821f3fdb904e62999167b80b8477a2d2630a1e70e848a301071ba8a89cecdda8800a73a370ebb55670b229be908db3ed97142aa1f984362249822e6991b14a5d6fe84008b8880cc4db141be771913a53676599f237d47826e97f60caebdd3e6a1d3a554d4088c512040baa808cc008c2a55a5784414cf4a21135265a22b7641ebe49b0bddc17c1fa57c1fa57c3fa57c3fa57c3b97c3b959b97e1d2b55aad56aa9552aae5572ab955dbd48bb7a997ef522fdeaafdea65fbd0c44d6518affda0008010101063f005dc4c8d22b384b2daf73d756fc34c7f47e1ac36b2f9d6bfe249e565ac366ff00a63e0ac3647f4c7c1586cbf5ff00aabfe101ceeffd5586cd7cae7e0ac3689fa67e0ac3691f959ab0db443ad9ab0dbc3e76f86bec201fa5fb557f0b6f61d0ff00b55f65b7f33fedd609b7fd16fdbaeeedc73ec37edd65b71f98dfb756bc03f30fedd60d07f867f6abbf0ff87ff557da476e88ff00aeb09530e022a1f5cbfe10ab19c7f843e0ac3707a7eac7c15ff21bfc31f057fc97b7cc1f0563b897f43faaaff889adf37faaadf889fcdfd5561b89c9ebb57fc8dc7476abfe4cff00e25bdfac77330fef7feaaff932f966ff00aaae7752587f3ffeaa3fee9b0e73ff00d5573ba3fe3ffd558ee7fcefebab9dc83fdf7f5d0bee063fcd26bfe4037fe61358cebfa6d56f1d7f49be0ac661faff00057db0fd7fd9afb51e67f82bed47e8b57dadedf21ab198fe81f86ade3374d90fc358caf96164febafb47fd11fb5570f27e88f86bbd21f228f7e85ccb62401ddcaf5b58c12c1270b73cb2fc887f9e9efd46c535331704dc8ee916cbaeade0ab1e967f86b08505ba5bf6aade045d675fc35ff1e2bfe77ed50fa88bccdfb557f0a2f31fdaab88a31f9a7e1ab08e2bfccfebac163fd015dd8ff416b009fe1afc1561a0fe627c159a8e9d0bf050b11fa2bf0513a879157e0aefe1c305f8288d64f505f82bbc7d1f055cc8c08c33abf88e49ccdeb191bf48d77defcb51ac5df0c3bc7e1a04bb72ef1bfbb578e399fe687e3d35630480fcb60bf49c5697d09f3a6403e99a48a39a0691ce955fc40b92785150d112a4823c6185b0e3400f0d8f25993df6140aedd9cf028e8df45eaf36d2651f18a123ce2f566166e4d81f31ab8171c30aee8bd0b67d59574f3e75901f055c5aae0512789cab016bfbf56cedc7f2038e35a861d15c8f9a8170406171d342fe8a52533c0dc91e5af16262cb70b306ce327bbd61b81a19d8dec4e561caad6bf1b8ce8e1e4af7e87411eed4047ff74a3ce7f221fe7a7bf5b7233265bf9c0ab71ac6fd17e8a27fa5e80ef13951b1baa62f6192db306b03a5797f5d26e24c2276284e64369d6350e1a8655c541cafcbae813dd3fa5595b1cb950e159d5fc82b1ce8748e15963d5c6b03871abf0e40d1b65411416616b002e7d15a5631190a5cf8a421d2b990a713e6a53e23cc1b3f0934afe9c9f050236e9aad899d8b9bf57645121d23201368e3541e702fe9ad833ccccac92c2dda3763149d9bfe69abe805b8df1358449d56ad915016f325ed87ac28b305ef36247ca340858dc38bae572398e758c097b5b05191a9d216312c92c31285622c4166639f2b559e7f10db112a2c8b7b63df068eada6de518f6e10616fd436f4516bcfb35b5c97513a7a34353470490eeca62522902c98e3f67258e54537113eddf80910a13d5a8634091ab2eaab7f41585b95eb0375147af33f90db857b9cabaf851be472aed1d417019e17ad60e20842e3317ad43062486519e1cefcebf12a8562463b7dead8dcc327d9cf8fc5e3d22b71b496c5a352e8785d31d4bd0cb4390cab06c78d63e7a1d75b7ffcda7d21f917efa3f7eb6dd72fbab58616f45678e55616d37b8f829c5f108428e64903dcbd18c5817b1703d551dd5f7ebc24363604dc138136bdbd3476c21059fb2c85af803704918ea46c55b8ab5aadc78d7bd5cb8e19d70e773c7f2589e009b6359f928627b3c2b1e1eed6390cef41953c28ce52cbd84b745f13e4ad52069f95ef147fb6de8ab0290adbb910d197caef1f3d6db75180156502439de393b0d89e83526d18ddf6f2327914e91e8b529dc6bbe9b47e182c51afc4510acce02e97d7812d91b52283ff001f7ac839da58f57bab4236240722cc0657a62652181c141b6070c6b6271204c9de373de1c6b41be9724120d8e672229b6e88927e1da36dbc84f1792ce2c3bb6229e41869ba15eac41adba137126e6491fa4468b1fba6a430079004fdd5b3e9e756db9f0dac35eddc1d77bd41b5394b28d60fc45ed37a054bb89006699d9ee73b1387a28c4252f0e461980963eab497f455a4db36ce437fadda9d69f9d0c87e89afc4eccaeff6d720bc1ab5adb83c4dda07cf441c0f116c6fd228e186758d5f8d5efd15738fb957e15d7c7a282027493970a6992e4c6353477c1d01b33291915be20f0c6845b78b4cc729e66f14a8e51a0189e552cc1d819068241d4195b06496f80273b52788a648e305713660a702a08e18e55651ad00ef03706f9755305ee9eedf13d388a385c0ab8adb9ffc545f497f229e5347efd407934b73d656b3cf85637e9a2156cc8a4bdce7638fa288013b4c3b56b302b9006bc5945e30cd1cd3007c481dbb51c9f295b2229013e33050db737ed452a8ef2dff0076e0dc72a79a5b48e080aa4e0d239baae3ea8c4dab16d40b6a5b8b1cbb445b874566028cb9d6789c6d56fe82803851c3aeb3c33ab9feaa5796db789fbacf72cdf3231da34248a2f0d47efb716690fcd8fbabe9a9f6b3c8d2cbb33f8981dbb45a07b24a3a029b35a906d4aaea23531c6c0f21466bdcc6ac9202963871b72a10d8a4863b853cb810795453a137de448ef87ae9f552003982a2a45dbccb1edae4097007577acdca964f1de69a32d2107b2a35120dfa6e0e55bfb1d251e0dc04f9ade1b7d2a31bf7585ba474d2c2d113b855d5a94f63cfd22b6633226424f3c450be37636f48adc450c65dd1c36a36bb49283a6f7e175a56dd6126805face795419aa8864958e04fd648d702fd0b5a86eff0d369b98fba4003027af952ee61dd24dab46b6209611f4dc792b705303143e1a7de4c74e7cc0bd34b0db545a6fa85c69bd8f96aee759701a342006be5a70abb0d2d6c45f23caa0f669d51aed57f11b9746d2e2590766cc3885b529dd42bed3892c1675221dea0f9e3b2e3a08a7ffd2e43bb098beddc785bb4feedbbe3a568a1ecba9b323604119837ca873be1f907ff005a0396356e2389e9c68303620dd4f48a132a853a8192d8a9420ab00385c31a9443abc4db80d9e3a6f8b745ae0f553453768c8ba556dd95451922f1268bb4bf53605a690f216d03e3116e14caec3c16ecb30e57c32bd8d0118d7a94123006f73c0d697054df222d851e22b6dff9a849fd24fc83efa3f76a1eb93dd5ae9bd1bba29e23127f541ab5ee74a86391eaa9648eed2c6ebe2c785f493d975e36e07a6b731b0bc73c2c853e55ee847483523cae42c297504dee7baa17a351a48893a90eb7e609c145fa051b62dc6fcab1c799abe7d742c2873b615e9a2e004894d9e67c116fee9e815ae14200b0fc4cc05fae28cf77ace34596f2cadde964ed31f2d20b6a57c2fc54fc15b7f6905d436ac5665e70bf65afe4352ed862622446df1908d51b79548a50844aa18aab8b9727f86dd54cca9a0a8096f2ea23cf58e2db3dceab5ff77b8197f882b6ed30ff006aaaeae41c7b4750baf138d4c76ceae6e6350f75010620f58bd4c198ff00b9d94ba6e3d64d327f66918f15069242cc92c770ae86c6dee56c8137fae417e24dc63854761701d8b0e8d479d484408619b4485ef8acb18214e9c2a47de60f63616b119e66f63d152eb5bf8714519e41b4dd87a6b74f2ea77dcb7d4492276148396aa68e20d24c7b4cd6ece9e86cb0a8e327534b234ae7e4c5f569e92686c6265f0a54bcc732966bfa69935968e26019091aad6bdfaaf850660045b71e34bc82478dbcb9536f66c27de319a4e807ba3cd528254786da540373d7406e12ecbdc957b3221f92e31a0bbb8dbda3b751d9ddc764dec2073e1281c8d36eb68ff8dd8af7a78c59e3b709a23da43e8ac32e62b91af7cd0e8cc55f8df2e156f3d47e35d534bc2d20cd639015fd5bdc518cade4c40b305b9518b8e8341903ccfdf616c464000390b578db9ff6cac6c15b16663c1517b5e7a104e0d96c75d8192362315cecc398a77043c0307653751cb038ad1bf2c7aeb6d865b983a38a7e4ea9a3f76a2bf0697fb1445b0b5b55ec16fc4d33a0063518cce34c4b6f8b7ef1a42a81d4ddd839ece906c4bf119d2a322cd2106c4e064072381ee116e3d965a66360da014046af14b9bdae78d785a141be26f8aaadcaa72c09a190c33be3e5ac48279e7855cdefcab2c4d0b0e341154b3b1b2a28b927a00a51246679afff001c7717ef5c7d114b26e2d3cabf66960238ba114536e02eb11dae830b8bdb0abc0e0bdaed1360ebd6b51c6e1bc29f5e89c7743381a633c88230e62a7d9ee6d73742a70b8206239f3a5127daecdff0b39e699c0e7c975ad71f68bdca25f10fc481d19d08de3d3d9bebbf798679d3400dbf170bc40f2923fad8cf9d6a0925611b69041245c1b58e7572b1bc83e2a82c6d5b56d2d1c4a5d1ddc6950b2232df1e57a8e297710230163aa55f570e04d1d5bfdb81cc6a6fa2b504afbf461148b210a927aa6e7d5a11c5bb42016b6a57181371ead0b6f20e9d4ccbeea5185771b7bc9d92cb32600f4120d6e9ca34ab2ca5d648eceba40d22c56fca9e2934a873da8e416b9e7635336d349629a11435f16c061c29d462b02a40b7c7b82edfac682aa11233169dd973bfcae8a2d6b31ccdb3a8b6ab70dbe70f2f46de23fda24d26d36b32150acb25985916d813524ea026c627fab90b1fac609e195c780ce9936a04d2807b60f614d6de77b6b95159adcc8c6d5f89db39d96f38cf18c1fe4ca993af5d149634f666f481a1d45b63b93f24fee9cf2ca8edf7313413262c8e2c6c78f48e91563e5a3c3a6ae7ca2b0f25017cc655a25c810558dee8470e654f114c215d4d18d4a626b8d36bf62c7553c8ed20dcdb4ab1bb13736d214fad8f1af0f49d76d4e84ead00e23b5c4f1a0e8743e5a97dfe741d0050e0ea519065c1add073adb91fc7db9e5fc3fc9fdf47eed47d0f27f62951b04c2fe5172c7cf489bb05a1c5193d50185bb2381a951f48dc46c03228d4b2061d875d5ea3a121c5f91a6795c2469885249b5fd545c4da95632c0824922eab8e4554938d5b95658da8dee72030b51ae5c2d5e1c42e477989b220e6c6bc6da6b7de4249de1b5a4780fad067651c78d27e08010b8d408e371c7a682953e3162822bd8b118f64b581e8a9268cdd245565396678d07562aeb62aca4861d46a4daef631ba2f6d1203a1f55f0be9e2381a11eea193772a947dbef45ca11f28f0b0bd2b03683da0a76f29392cb9c2e7a9a95e72124889041c0abaf65855d14e917fac72113f49ec2a394ce6692165754dbaea170722ed61d14edb6dbac419891e3317d3737b695b2d586e0c6bc44415058fcd17a2d2bb498e6cc5bdd346c029f356273f4d6191e15e6359e1cab1b1fe9d340c4cd1b70284a7b96ad2376eca3d4934cabe6901a5fc5ece298290df565a163637c812be8a609349b36762c46e575a5c9b9fad8b57a451962037118fdeedd84cbe5d188f28a58a337690e8eabe64f556e37dfbac20dadf8451f66fe5ce986e5443b5447679d1876dcdecc2dc1b0b834bb6987e1842a11f6e80a588e26f8e344280072adbee1c80162502f80d44d85cf2ad318d52291a9ed6561c74dea43bd45920b631b0b866e16a8b65ed649279082f09420cdb3888ec8d4ddebfc534accc26dac98c3ba8c131b7437c57e6a6b0e1cebdcae439f4d638db3e56ac0e14baefa92c639140d4b6e07e30a0db77495c7abab4cbd002c9626dc333436fb91a644638b80bc3bada861d7e6a6248462414437d45792a63d9e96ab5ee3123cb5b7b65e2edcffa7f90fdec7eed4587af2f0f994759ecb29427322e2c0f9286575c8dee2fce95ddec8a8910620966d02dd95146cac1c11a99c006f6f88b855f31e9c6ba6af7b56199c31ac6c3a28b5c2c28407933fcd51eb35040ba6153ad23e3abe3b9e27dca5dc6d8859e3c413911c41e83c695e2b8f65ef18e80d898371eb46dc861850130d31b59247b6a5b5ed88e638370add7b25a426482731c44dcea42750b9ad1b68cc8789b5947e71c28c9b8b4bb870570c5554f017f76960bea602c90a626dc0518a502185b110a8d729b647a2a0f696cd574eec98e79241a9e3dc462cc34dca296b6aa2fb891a63c4b1cba865563d5f90eab822d6b70a3c45f3ab9be199ae8a18db91ac31b647856758f94d0b9207bd449c7972a1cfa6b993427dbc8d0c80dc4b19287d14779ed441b879d8c3b5740229c8d3695cb2e040191233a1b7d948bb8823ee6d370043b80bc91bbaf4615bc7b851f59b69574b8f21ce839bc3b945d31ccb985f8ac0e0c28b4d109635bde580ea16e953622bd99b3de4124706a2662e2c1950e0c3a3ae8ee2c1622a0a9bea3a17237e56a3bd906bd942746d6139cb3f3f9ab99a2669436e65ed36a22ec4e195491b289b6b361b8db3f7241ef372228efb64e65f67bb69ed7da40dfc3987b8dc7f201621af88ce8e18f2ab716ca8dfa013d740ae9d41896d4010c2d963ca95e66d7205d2c49d44a83d8d478b01c68b93766c49399a232e8e8adb9fe66dcff00a7cbf21fbd8fdda88f12f281e64a3d15caf4093604052a2c7bbcba0def59f2b8195870aeae1d75a45f01635d9c87135c70a7dc952bb1db90b34abded4d92adf99e390a42142aa002341920f7cf3342322d7c431ee9bf0bf3a7b63a1957b57054e6ca7f3711522cb79363b9004e8b9819aca96e2bee792a4f63ee24d3205568261889f6f7bab8f20c6b71ad346ce58846f1b69219c714b72e7482697b2834adf176b740e34145f6b01ee8504cce3a072ad43ea549c71d52375b70f255905b8df89eba976b3e1b5f680113b7f0a61f6528f29b1a936db95d33c2da1d73171c411c0e62b9db870acedcbaa8119643c958f93aeb118935cad5638038d5c656c3f20f4f92b11870356fd6bd0b9c8f901a03227fa0a8b689d92f72edf12351776f20a0f18b6da05106d17f96986a3d2d9d3433e6b6c7318d08e651bcdb8c621213ad3eea65c47a6b440cded08105da192cbbc8c7c9f56451d14cd0389a23d9914e0cbd0ea7114bbb8c86063f0991c9014640a8e3870a1ecadab18f6d002fba97f87193a8a8e937c284a57c38635d10457c1231c7ace6684718f1047fbc02e4b1f517e1a1038559000da5785fd5a3347660e0a4b13e292a1cd1d7952fb47668c365200d242c6f26d8b641b9a1f55bcf56e342fe4ae42ad6e16ac7fae8f0c71fc84f0b5406feb6df1fd0fc8df7b1fd2a8b978925bcc956b564450c2fcfc9595faaadceac3ddacfaeaec1bc053677518b1f889d27d14258c2c6c3011007c3f0ed628e830653c70bf1a33c20f804fd74599dbb1e17c2e87d56a60a016b164be5aadee1a8e5d5e1cef84ca73bc6306c7302ae802e8ec3a0c94db2eaa4da87d13c6dafd9f31c34b5b1818fc57e1ffd29628213f8bb1132b60b0b2e0dabcb4662c2790e2770f8a0fbb539f5d3c111f12745d4eef8b11d741669476efe1f0171eaf5d0456d019fc3d6f802e33029d1860c0a90731d343da40eade6d34c1bfb0c5e3ca2dc1f70ff0055637f270ab5ab3c689c6fcc5622dd358796d57380c33ac0dbd3588feaac41ea146f8f4e56a208f7ef56c472156070e668290577ded21a99b268b6a0e03a3c4228e9160a2d81d361cefd14976c5895130c58b1ccb5b3269738e21705954b02171d4c97e55dbbc4c0dd6407b3d055c588f2d2bcced0ee17bbbf8876adca7886120e9cebc36847e2e5eced9e23ae0dc5f0d71b7471072a3b757f1115b5ee26bfdb4dcbe6a642a4080960352019dc7015f52be259559586497c0823a2ad61f189ccb1399bf3a8e574f137125bf0f01170a0fef241f17dda32190c9ba7bf8bac0224073465e2b6e1e6c6bf13b6523652300c97bb6de46fddb1f8a7d56f255ebe1ab5eae7a2f5c7aa863e4a36cbfaaa0fee38f42fe47fbd8fe95446d819641faa9587a6b2f35060c755eda7faeb2abf933ac32bd786a7422e3248412157e13c057e21e1d31c4088e018917c2e79927335ae70215ba80ac716d7c8e16a6976a55993b1347de0c0f795d78ab711e518d1923b9db16d2f113a9b6ec7d563c50faade4ad7290d0a126302f930b15e8b5390c7430183731d34ccede1c098789eb31e518e27dca8f7a81942b0877b11235789fba9a4296beb038f1a5d26ca380c0115a90152d60d20177b0a30cf695265d5ddecb58e0757035e1add8160e7576c6a3c6dc2d4cf3b8058f7795b0c3ae84dbb509b6911a19a161aa49a37fe5e7619dcd4bb32dad000f149c2485b1461cf950c30e3d3595f9d588b0e547a7cd5a867c2b0ed1e1581f7a8db3ab5fca33ac05ba2b3cf2158e4321d3569ce9da40a66dc370d0a7b9d6e70a9379b7d52b496d5b56016789060aa105f5a81c56ac3860c08c8f48a57db39705af619819f9a98c8968d94ae3c4df3bf4d1cb4bad8b03a45d72d41af4062072390feaa50d109d77ac58edd9b485894682e3e2bb5f034375b06326d0612211f5bb73f16655f436468d8db50214f2e9a69a4600e4c5b10f6e814b2c89e24d263b7808c2dfc47e4a3d35e26e086dcccda4b360c4f47472a92157d12c60bba4963600e1a6dc2bc6f095c48ba6685c6a4912f883e5c7a33a531b349b39ae60908b15c718a4f96be9ce8f4d602f7a233f7bf20395ead6a84fc984fb9f924b7f122fa42a2c32964f2f6538d6788e74435f3bd01c3a38572af76961856ef21000e1d24f40cea17593f11b126ff00884c8cf93093e291eadf0b74d0516914917e00af2c28a633eea4040d47b28a30c98e751c4d7124ade1ccc6e3eb3d4e395af8f3a95a165f1231a5e33da0e8f8ba9e6ade8e15e220236dab495637781addd73c54faadc78e35e24d730e51c2a6cf29e7d0bd342499ae4608a3ba8bf15455e5c769b91e0ef147f0d8f7c74a1c69f6eec1de1b5a4193a91a95c75835a2104c806a61811a6af2b88d40b369381e208e54d26dd563551a5b70f8201d5eb1eaa0f1025c67b894627eee3c97ace3458ddd9fbcec6ec7ac9a68546af687b341936dcdf6b7edc5d3a73159dc372a3c3dfa17e589ab1ebac31be171f93b42dcaba2ae45ff00ac51031e357eaae26e70e64d26c196d2613ef8ff0030e3145f9a313d3403ae2bdd6525594f3046345f708656f57731596651f2d7bb27971af16e27832f1a207b2470913343d7571970b656a2a4037e072abca74c08a6499b922fc39549b96eceb3645e088b8228ea14371b57d12f75ae2eae9c51d78a9a7dd6c57434766dd6c6fa9e31919233eb467d14923aeb7909f020caff002dfe4fbb52ee66bcbb8600c8573b65651c00a106f213b637d7b493b44d986900e3cea1db6e5d62dd420c69332ea1325fba4fbf4d24cc33bd8619f215243ed1bc3b6dd8ec44abaa58c820a6e1be285f391526d27b178f261dd74cd5d7a1856180ab5b3380acfaaae6f7cab0a84ff2e2fc927de45f4c54795bc493cf64ab8ac789ceba06758575675a09ff0073b851e3f38e23888fa19b36e8a336d980665d12230d4922fc575e22b4eceea749f1b624969147c6849efa747797d14b346a9dc64f1c0b850c3b2dd38e069c3239de2b0d3637d46c09cf87f551dcef9562d209555238e65bcd4777185d2e0a46840266b8b36a07d4e74d2ccdaa46e3900064a070157b5851c30181be1d342122fbbf662f4de4d9939f49898f9a8c502996418903baa3e53642b0237328390b8dba75e45cfa284fba7d6ca2c0b60a83e2a28c05788ca406360a31b0e66ac1ae73bdad873a8f73b7b78b09d4b7c88c8a9eb14bb9db03f82df833edcfc5626f245f9a4d5ed8ded5d9b7556391c30c6b0cc71af86b1f21abf988abe17a37e02e05580caf4dbe956f0ed08d0bc1f70c7ea93cf89ab39d72b92d2bfc6663726bc2d9aa06c9a59412a18f016a02796320e2be22864c786b4234f9688753b4f6820d574383afc93c4730699dc0db4a4e12c60b42ff003e21729d6b87450338b2b0ba4887546ff31c60687b3d56f24ba65dd8e28b7faa8fdf3405fb46f71c8deb85b2a8f71b67316e223749070e60f30788a7dea284940037b0deed19c8491dff00767d14d3edf19912f0919ea1cbae9371bb99d59d7b480d935a8b15bfab4b0c51eb9476628946a218f23eed160c26dda9c4daf0407e4fc671e614c6e599cea776c598f4d7e1ae4ef36eacdecffe62779f6e4f92e9e6a36cf88a3d558e55617f2d619daa13fca8cf9a81e8a97a248fe98a8fef64f2f652b1cf80ae557e147dca3bb94068e02046872965cc2750ccd789a0cd248e35b74b1c58d6a0436a385ae0dba8d06525245c51d495653cc11569d976fbb3dd96da6098ff003addc7f9591e35e16e0186787bd1936388e633045103fe3c674a804fd74806083a39d34b31bb35b01dd5032551c00a239d117ae7d7516f20c5e33da427b2e870746e82293f0cf7f666e504db548fb08c3221fe332b618e5856802cb91b1b5069549f0f08c1b9173c4814ad2f6449820b9cc6357590e04dd47771cc2df85e80cd8f754624f92a6f62cee91ee663e36ca33da68a603510c45c2eb032eba68e45292212aea7356536607aa873033ac45ab1fc80f1e3d55a4636e3c2f5619fc6abe7ccd2430aeb9652111466cc72adb6c76ae279369abc684f65de63df96326cb25b116cc51d04dd4d991aeaca47353634d740e641a90381a58db4b2dcdedc0d7d4dc937d513d8b017b5d2fde5e83502628cb2858d0decb63674c7102c6b98e46a596c0ede15d534246a8de47c235d070d57c6e31a79e525a590967624e6787555c8bd1e03957452eeb6cfa258f2398238ab0e2a788a1b88895899b4cf1deff87948eefcc6cd4f933a95766104847d7ce708e35f8c699519951bbf39b8965e803d44a54b84192ae57a0ea0b428a7c4b0c2fcf1a49909463678d866ad9a90687b4e10026e1caeee21943b9b5f0f93277851f455f2ac33abf3caf507dca7ba690f351ee54bf7917d3149cfc57c7f316893c31a2789c6bd3491443eb243651d7c4f40a8b4a893611a8116e62edc6ccddf762b9163ce85c9c0ea162452bae9f0fbb2160495be4e08e5956a4662d1900adf4ba9e00a9cefd071ad3230930ef660f022f4f1ee999b69121d336ab49b7c3058d883a94e0341c3956b374857b30424df42fed1cc9a272159616c4d05cc55f9e558549ec5660b2dcee3d9eec47da61e2402f96b18f5d6a00df8f31d756436b9173c6dce83f89a1a36d51be67a43039de95e671b746c4161791cfc88c62680dba9da2621a426fb87eb71dd0792d5a0bc7283a9651de0e31d57e7517b6a15b78e7c1f68201847b851dfea7ac7864057c346d6eb38d5ce36ceae78f0ab9aed70e5c7a6adc453fb49c5a66261d85c7ae45a4987cc14b1b0be9c431cf567aafcef44cc1b7200016453a77283e4ca7be3a1fcf450ff00bb896c58a02934679bc5de16f8c30a0f13a4cb8147370c395c8bf3a1bb9e5123dee145fb002e900139df89a2e7139220cd98e4052ec55fc5580eb9dc64f39cfc8830ae75867cab9debab1b1156391a59d4789130d33edef613466fd93d23353c0d46f159b612a89766064df1bc4cef229c0de9f4a8cbb2daad8f96956fab4918b024e231018f0bd15922d01aea509d5707a6846b65551a51067d42a58fda6e9b5db6f93c1f0641aa566fddcba0777436373526cf723eb216d2d6c8f1561d0c311590e46e2e31a1801eed72b54047f057d0cd519e6abee54bf3e3fa62939195fe82d0157be24d5b8f3a6dce3e2ca4c5037109fbd71f468fe11c22b7da42c3544e2d62194f3a55808f676edb386437dbc87f96feaf51f253edb76862720a956181078a9c8f92831b9d202a14e8c573be5c88a3700cb29b767004f32399a1b1809f0613f5c41c24987bcb95627c957e04675979eb9f2358e559634b242c6396260d1b8cd597153517b536cba21de12bb88ff85ba5c6453cb5778533476d09f692b1d31a7593ef55b683c4756bfe2a55b22fdd467dd6a69a56334edde95cdd8d5a143a89ef9c57afa7c94cae9f576fb4045b573c71c6a4d9eebfe1fb457c09be4bfeee5fcd26a6d94e478d0369622e030cd5874118d5fa8f928f003855b8f102b8916cba2afc2f56a8b691595a56b6a392a817663d40528845b6db7510ed47c85cdfadce35e24ec10642fce90c8a59d9ae4a8ec84be77a591494957b92a12ac2fc88a2fb80564bdc6ee05b93cccd08c1bad71a4796cd148004dcc67544c795fd53d069f72a357844c5b5e99d85f57522d5c9b938b31e24e75eed6595658d747e4c72a3ece9dad16e581dbc84e10ee0e0adf35fbade4a68a75b321b3a9cd594f0a009b281617a6922b47b74efee65368d7ab8b1eaafff005ea5a617befa61daeb863c42f59a691d8c92b9edc8d8b13d26a2df8ed6e76846db77cda237f0243f37ba6b2eb35cb8d63c71a8397823e93545f317dc1537cf8be9ad2fdeb67f316b0acb1151ede2b07948517c87327aabeaf08a3023807f2d78f5b1c6832c9a11b5787702c42f7afe514090183a8bf118e3436eeabbbd95eff869bd5fba93bca698fb2dcbb0c5b65390b38b6650e4e28badd3753de38411628a3091c83e6ebab2e42adee654148acbd3405ba7c9438561973ae679d37b3f756fc0fb408494364930fb292e2d6c7034c9be7d726d98a0880d31c6570ec28f7684518b3b024b1c46147c7b682404437b86cae7dd14266bf8b6b5bb8a6dd144bf69b9f21c853430af8800fac7636441cd9b852eee093c7df7b2d447bc75040936e756975bf7f473eba048be19d5865470c32e558e5c2b0ab9c0f334cdb893f0fbcf68adb6eee0944db822fad8629e21c2f49b7dc2782d61e11bde3916d9c6e3022a19d7186227c6031201c9ad4a9198dae2ee413a947ab857609751ea367e435606cc3065383527e0d8c5badc1d187708e2655383281ce9976e15367b6263dba28b2fcb6b749abfa6bddac30a38dc70a272ac78e55861454e38578ab797da1b6d31ee861f5919ecc53636cada5bcf455cfe377208b2a1236c9d6d9b9f4509374fe2ba8b22800220f92a301436e96323037e417e1e8af0646f11930d5912bc2fced404e356da75306ed79c6f991f373a97673fda42da5adeb0f5587ce18d0f73f26deffc1fedbd6dcff2d3e88a9be7c5f4d687dfb5ff00c315d542a5de1b8121fc3424f127b52907985f769bf0ebaded6500d8e3c457d63682084d42e48b66da73b9e9a339263661775bdd2fe4e06b403db0b72bc2d7b5e962d410f7de5c8c68b8b3df858549bc98937b2c77cc46bddf2f134181cb88ae83c6b0c30abdeb0cba685870f4d588e3c2ba0e64558e7cba39d47bdb5f75b2d3b7df81eb25bea6637f33515b8c7107e50ee9c28cbbbdc333377963e36e059b8508a35d72e48880b31ab6e18c93036fc24472fbc90603a86348370cb1c29f67b74ecc6bd7f18f49a8f74881e303c39e3e0f0b77c74f314db789afb59144bb390e3ae271718fc9ca805c4f13f05623aaae2ade9e34239494da44a65dd49f1635cff4b2a7dd4ab6f13b291f048c0b228ea14c905a4dbbfda6d65ed44d7e43d53d2b423dab7873b1b7e0a76ef744333583753634d1e8f0661df88ae861d633fc819add8c413c29a65b09f7a1a1dbf35807da483e764280182e42af617f768d61fd0d5b0cec6f56b5fa2baed588b5e8fa69375a7c488831cf11ca485f0917cd88e9a7dba307896cf04832789c6a46f35315ecdbbce06a20740150b4684586ab036c785ef492587648c4676e22acf81b635b3f6a3a9ba7fb39988b6ad1da85f1cee0dab1e79d635b739de2616fcf6adb1e7127d1153fcf8bfd45a04ff1cffa62ba2ae062721ef50dac7a25821b2bc12a068da4ce47ed71d46d81e15650fb0622fc6680f9ecebe9146478c3c5c77105a58fac95c4796848a159b2b8f8299954297ef11ca8a2e136f3127e2edd0ff6daad90e343aa85eb863c285bcbd1471181c4e4280163ccd1c7cb5cef9f2bd7474d24cf73b590785bb8f83c2f83e1f27314f13c9aa2003452ff001637174707a7ddbd1f1c9dac67b8b6d533fcd8f3b749af0e1076b0b77806bccff3e5c0f90518e300bae6ab9df337e9a4962404a9ecb937422feed15e030b549eca03fdded2fb9d83665d3f790d8f5ff4b561875fb9478618565e6abf1151fb3c81f88dc95dc6f8116283f7509f74d01c0615b7936cda58bd9c1361a6d7381e5c694eed42231eccdea9b1cfa282b81ed0dadbeaeed6963fbb996ec3a8dc503b573bb4172d111a7731fce8bd61f297cd4b1093444416dc483f771277afc8f0a79c0d315f4411f048970451e4a36f355ef400cb9d0b7f4346fd785618d79288c4d5f2bf1e756e22bc238ee7d9a702712fb595bffeb73e406870eba0aaa5d89b00057fb893c123f76a35c87a34ae5e5abc30886f9cd3012496e85ee2fa6a4da3caf20dda18cbbb16fac075426c70c1c5b0e75622cdc41e04616a38e5956dfeedfe99adafdcc7f4454ff3a3ff0051687fe60ffa63f22b3fd9c00ccfd2548d03cad6a456c64705edc5b1c4daa485d44b22692141003ab1cc67952cdb666dbca402185ef8d8d980e57e3465936e246638cdb6b452820d8ea51d863e415a619d644bfd6ac83c19a341de62ac6cc00f8a6a49d574c240485063a624c107bf586631bf2acee3a6ac7d35eedab3cb2bd0c6c3cf5862380eba26d7028f1e42872e35ee536c9747e3bd9abe26d64650eedb626f22203eb26633a33926491f1695bb4cd4f02aea7241564fe1b7aca7a2924322b38528ec7b37b1ec375f0a0af6d4000c4713c4d073601c5c1b8c81a8f7307d5784c1a39d81b619aa8cdaf958527b4364a5765bebb15b5bc29c1eda30f56f9dbaebd06f58536fb7f7fc0ecf4b38b13ae5636440067ced524f330dd4539bbeee2c6324f07c8a1e835d99650bc96436f4dea0484cd202583124b817b0e58517902ee84aba494efc64e162b6c07bf425d915895c10516cc6eb9174e1ca84f21f0a48f1122120a91c4116b547b390a1ddee975eee50a16431020c51c857326b3b7a7f21ac38fe4e37af76d57e542f80af7ab2a8b7128d5b73aa2dca7c6864ecb8f267e4a6db1d5b931310420d2b6cd4973cc72ad5238863cda28bb371c99cf6bd352b431a489100ceb13867d3c9856de5d4cab3332228ef6b5382b5ea489d0c5b88ecd6be473041e834ef16106e946e230321afbebe4706ba6b6ff31c7eb9ada1fe4c7f4456e3e747fea2d5bff1171fe1fe4f14dc19e40a830b32c589fd76151cd19d2f1dd01d3a859b21d1956df6ecdaa6dc334b2139df208a6a4936afa8edd807b0d3ad07060d85c73c0d4b2c6a5228f5067386b6637b792b71329c5edb484fca2354a7ac2e158603a2af6c797451b0cf855ba6b004fbb59df85585efc6870f28a2461ceb1cc6556f3015c3e0a877901b4b0b075e4c3d643d0c30a8f73b4c761bd5f176a4fab8da48cf228d4da0f61bd423053c48a68dc6a4716606bc386f23a8b16638281f19b215aac263c5db0887cd1817f72bc56fad9bf88d981c801801d552fb3e4b2c1bded23e5e1ee57ecdba9ad63524330d32c4cd1baf2653a4d2c518bc9230545e6c4d80a87d97190d1eccea99d7d7dc3f7cf528361467d9ca63905d491c465a5d1b023ac505206cb717ef0b9db3df1c462d1f92eb41275d0ed8a30374901f5918604505802785ac3946b8c6fab065e9a69e5c266383464a68f9a4638f1a79773dada6d1449b8f96dfbb4e1896a97733632ccc58f45ce03c82af6f3561974d656e1468f0b70ab81872ae546c2e71aeaac2b3f35622e32b7456dddfbe14ed26238bc42f1b1eb8c8f352b3dde2998452460e0508c70e62bfdac656271e1cd1ca19869be0d71734fece89e368e371b8843deeca7930e629eea5439c98dcf4d2cc07fc698a1031b473e23fcc53e7acab6fcf4c98fe756cbee23fa22b71f3a3ff00516ad7fdfe5f9957cc0adb6dde49b6fbadb46aaf20412c7aa4fae6eca9d5eb5010c9b7de0e48da24fd09341aff00711b6d9ee595e4421c37aba59b03634668a4d0c713e1360c587688072bf2a72e469890e9b7403da3d26a180fee535b7cf9bb67ccb6a359e5ee5106c0e18e556381e16ac2f8fbb57e9c2b1c070e742d8e3615f0d63971aebe358f9280ced8d49ec39582acc4cfb163c372a3b84f2916f40153e29c3c300ead43022dd7456505987ee10816fbc9325ea18d29dc69d31e2224168d2d8dedeb1eba1e148ba0296b9362a0378788e19508f6e0cd231f57ba07324f0a78f70ca75e4a8080b6e473a5f6b2a5a54b41ed103830b08a5b7261527b5641790130fb3c1e3291da92df20558e24e3739937bdcd78c6eac9da2c86c6c38de97f102f1c82f1b0cec7e32d30dbb0976d2f7e071aa263ced9a9e91634176a7c398e1f8599b027f9531b06ea6b1a65652932606260436a390b1a4f65c6c0ac3f59ba61934edeaf520a358e7561581f2d67d7573c789a37cc71abf930aceb9f314399390acaac72e75b8db0eec89e3a5fe3edfb46dd685aa39411a8699626395edc7a0d08e49158f00a6e71f54df970ad71ed829fe24a4463138d8bdb0a20ee357c8db21907f88da56b77b510bafe222223924935b978af320d2a3481d93408cce35b73c7eb3e956caffc18fe88adc75c7fea2d627f7dff00f5d6de0c089254537cad7c7d152cf6b78aecc173c2f85bc95a26658dec082d80c791cabea374fe19cd58f8b19fcd7d42af36d22623f7bb763b76ebb2dd7d15f863b99e2d5daf0a74d6085ed101e336c872a9b736004ae5801905c9479ab974528c005be5c6f8d6232cbc9595c8ced56cfd15d791aeaa36cb85b855f21c78d5eae4dc70af70573a42b2786e84323e45581b86bf41a8fda28040b3dd377e10b37e253bc0be7a596cd85058d4220ce987b36459370eda55548d4141b3358f452cfbc72d383ab4060b1b1e08c7d6e9abb59a56c5dad61d4bc80a2d2b0040bdb89a9a7f6995dafb3f7313452a49f693291d92a82e415e66b6f3fb25d77becfdbc4238c47df4b77d9973d4c7cbd15718538591963956cc2da9473e914adba88488540005b5a9e2c53a7a2bfdad975001c927b27d5201cef45655048b76b81f26352eef7206e1222136465ed49e3fc97ef6951983851666d6ec4b331c6e4e37fc987a680b8b9acb3f7280caf955bcfcaafcbcd59e1ceb9f2e346afc6af974d618d6df779886405c1e28c34b8fd126a48e349278e3728a2490471817c3b09da22dd546d22c1d102053fa6d763419c788df1e525cfeb5450587872820585b4b0af14e5190c45b3507b5fab7adc6d8602195d17e683d9f456df9fd6e1f9c2b647f929ee56e7ae3ff005168fdf8bff866a498ff00dbc12ca2ff001b4e85f4b52a8160079698c6c9e11eec6d1eb36cb98a116df70e5eda8e905076b858937a8a66075baf6bac607cf5bcdc5cde0dbb0437c9e6fab523cf5a79563e51c2bb3d91ceb8f573356c8db2a3c2f9139d58dc11955c1e26f6ae904dcf3e55a48b1be63a6b202fc73343af2e8aeae55971a02d476b3c9e16d37a343b5f08a518c52f90e07a28a482d2c64abaf48c3cdcba2a3585db6d2236a57880b81c45f80a0f2b195d47da4a7511d5c051680ac7001dbdd4a74c63a8fade4a2bece5fc5ee47fdf4c06943fca4af1b73234b29f59cdec4fc51c052cbb399a0970d450e0d63ebae4de5a11fb5506c7766da77d10fab91bf9838797cf41c813eddac5373176a323a48cbfa635a81bd02ea091cf8524310edc84228ebe3e4a5da6ddafb3d98f0e3b1efc9fbc93ca6afc2d4062685b870a209e3f90db8570c471f72b90f3d0005af850bfa2af46dc2f81cab9d5ed7c2d441e38543296b99f6f13b7cf41e13fa528451a3cd330be94ced95f2351cb3b154d38c2c429f2f5d42559986a16d4dab1bf6b2e8a65c31b8c68bdee678a391be7e9d0fe95a83e74bee8ad97dd2d6e7ae3ff005129adfc75c71f887c95bc765bb1f06256e5a9d9dbd09402916b55afa749cd79796919402e6cb76d4799bb58d220b00aa14019602d445bb3b9dcaa86e8854b32f9c8aebbd5b0bf0e55811d74790e556c88c4d036c08c855861cfae893e5158e5950e2785a813cefd35d3d3448e757cab2ccf97cd563c6e2dd151cafda9f6ba76fbac45d96df533794760f4d78502196539a8f547362705f2d34731fc7ee87ee23368633f2df0d5fd30abeee42d1adb4c2a34c49caca29da089a458c166602ca02e789e34b3c8ad1ed091ae5b5c852712abc6bea6211c4bc5413aedd9d659b1b1fc96d9cbf54492fb693189afd1c3c94136dffeb3da0728243f5521cce861fd3a28c5b98cc6d906e0dd20e469f760fd7eeb56df6a3d655fde4bef0a00750bd016cf2e55deaf873ab71cfa285f3ab640e75860057b9563e5a3cb956238585623ab9561e6ae8ab71e06a14363e14b2c38e7dbd332fba681b6395f8d6a6ced6f2675af52adaf85c0c4e673a2aa4b92324058dcfcd06b66e6368f52cca35a942409358c0fcea83e7c9fd9ad97dd8f74d6ebfbbff5169befd7e8354b1c61489e6ed07457168d30ef5f8bd630ed9ae3d5568ee7f3241879286adb11d2931f71d1abb077119b6474482dc38a5002417c86b8dc7d0d55b2befb6d01fad90895994317217b3d8e1a6c6f5ffbaec07e7b9fec57feebb0fd37fd8a5861f69ec5e473645123dd8f21d8ac7da5b2be5de90e23fbbab9f6a6c813d2ff00b343ff00daeccf95cff669663ed3d9f84eccaaf77b165cc77785e85fdadb2e9377fd9a05bdb1b4bfe79a106dfdabb59257b95501f1b0d46de4abb7b5f687a964f82aff00fabed7ac249f055cfb636ffe1c99547b83ed5db88a62c2362ae0129830f2563ed7db7e8487deabff00eafb6f2a4951087da5b6dc2cc1a19b6f671e2c4cb765cb3e22a7f66c7a76fb286478c4515c170874de47389ad20003200512720749cb3cea5d9bbfe31dd84f1ed603ae20401da96416b0c315a659228a184d80852eed761a97b670503cb5240b0425244652e09d6b1f217c31af1542b3864568430d69af052ca71ce84dbb5411b3693a5c3104e571566008e9a8f61bb55defb3d8aa3452dfc445274f61efc3a6a48a5f6808040a91c30081e4f0e3d3a80d40e37ceaeded46eb1b57f86b1f6a497e436aff000d49227b524658b4eb1f866bf6ce91617c71affdc26207fe15bf6abb7bf9efd1b53fb55a9f7fb90b993f853f0d3c2dbfdc178cd9b4edee32d5810791aff9fb8b7fe54fed563bddd1e5fedbfae8ee7f1db908b2088a9dbf6b5302cb872b0abfe3b75ffe37f5d5ff0019bb3fff009c7ed501f8bde00c4004c038f96a487f11ba768d8a12b0a95d4391d558cbbcbfdcc63fb75f69bcbfdd47fb55b82afb825648a54d71a020e3161da20f7b1a502199bb24de4992318fdda1a17876c9858f88d2cc6dcf1651408dc4511c8f830a29b759d547c6df6e5ef959f48f3205af0b5337e1f792202ec5ce9741c5ba52a116fde498f916b67f77ef9add7f77fea2d3f44e9f41aa0b64d24ac7a8b22e1fa340ac61a2cddef8803a281db1424120768157b678e6a7ac56e7c4914b6bd104006a562bc2ea733ce9f50d3ad3107352c2b6e87b4a9b60ca08e2eec6bba3cc2894d2c01b12061e7ada15001f19711871a04806e49b9b50b0c3a850c00f25422c2c377b8fa11d580c4636b70a36b642f856c6c31bc97c3f96f4808b9eae1580caf87e4f67838812ee87a528422de269d617e4ded57201e8ad9d85af21cbe6b56f08e33ca7f5cd4d04ca089e3d1e21b9d2331a14293a81c6f507b2f6855e3942ee64dd91d96041d0301851d8edd14cd2a972af9d80b36200bd1897404ce3915490ca3e7723444a5043190cd2b2dac7300e9a12a6859b68da432153a1b9b123ba470a8e092445ddc6cccd3b03a5a376b92072b70e8a236a4b4200b3302351f5987217a894e5ad3d2c2b78387d5df97d9ad3ea50ba1b48c41d5717bd136addf017dbe3fde516d25ac2e401727a851f08912262f1b82ac01c8d8d4bd55bd1c9d6c0fcc4fc9c2a51ff008b84f9e37a566170ee130f94684770598315b7c9ce873d4beed6ec7f3deff90c6eba645c48e6bf1979d4847f0598f2fab647f7a9e5db8d5288c3a2e649b5f0f252059fc11b85d0df8a0545d4f61b0005f85781130dcb5c93a496651618f203acd7d79566e053957b530b69dcc120fce0e0d4478f8b27d15ad9fcd3f49ab75f99fea2d3f3f153e8b56d1b82c32dfaccac70f350462486517230396629b71b8779f72e02952da755be4c7a45fa687e1d22db6db72f840ea1c248a2e1c138f6b2a617b5ed8f96acf898e08545f915d5efd6eb6e058c4b7445ecea16bdcdef98a567902900288cc802dba16d5b317c4ccbe8a848d24927503c8666dd14cb1697017523136f139e914aec2cc4e239546470decf73fddc74e16c1c636395a96d6e91c87be2b6459749d528d39feede93aa941c03617e4dc3cf4548c6d71d35eceb7197747e852ee40d4440e0a9c01b32818f9686b50adeb28c6de5ad91e1e21fa2c2b757fe34bf4cd3c93322cc2cb12c8c006b8f53e5519671a42192d1f08d159bb1f9a72a1ba0e7c60752b13e8eab6149ba880f1002f1ddb8e4f12a8e9a54420cd303a9908b33118a48a795e96607506eccc0fac84e37f768348aae91ead523b8c88216ca3a6b6cabb71b74892cc47ef1c0b33642a217cdd30fce15bd1f7587f76b5aa28d6fad7124820917c39d26942f1b838a9e35bcb8e3b6c3adcd234ce1031005eb66f012ba91ceb43a4b2a9b817153585b0bd6f8faaae0dcf42252922ec46ab0e5cea2553aa37602e731726f5381ff00dd407f524a6719c6cafe63514c1002faee4748071bd63c08f76b777c078efef576595afc14835f8a4258c6c2e0b58296b2f9ade7a90f38651faa4d290e632d1290e335ece7526eb7518df472de3f0e5030446c0a0b5af45f691ac521fb48909898dbe322917a3d15ed27b5b5782f6bdf26b547d133fd15ada7cd6fa6d5bbea4fa6b527dec7f45ab6f7eef82c4dbe7cb49e0908aca35499b0c380ad43b6fc5ce751903b4b2a1519620d3747bc69daf89876e47f862a5536b185755fbb971a0aaeb9e0102e871d6ddaf356c7a661f44d7b3d41f0cb332ebb65a867e8af1cee6399a304aeb21401f24015a4e94924d3db06e9213f15aa3030277539f34695a990bf6bd5c480c34d685b82b6209cf2c8d6c71b76dc79e37a4e56c78616a1b4923b789268079c645c35faf1a819b0760eafc751419f9c57b34ff3773eead69d416fa1013967adbce40ab9c1ed9749e15b3f9e4f9749adc9c2c66973f9e693730448fb95792291df1d3ac031b05e8b1b546d3c640d00cf3918302ddac8e37a5274dc6be0c3bc3b187c9a2f059602142bd8e8f1060c493c4d193701412b64770caace33208c0e158ac6575e2417ee5be1a786288b6f5805416259aec2d63d55f816984fba495645d18a2065b48a0f5d44067ad7cbda15bcc31b47fe9ad5d1c01aa3b5c5c5ec691fc52612c6c840b5b8639d6f4db23b6ff50d21dc293e1df48048cf9db3a43b7ec4d05da31ea900629d4c29a78fece44b807307883d55be5f96b7fd04a6c4d85b55f1d56caa395fbd726c79ab938f9ea7387fcadb9fd592a48addf5205f9dab6ed76f0d954e3623569d3c39daafd35bb22d713371e819d17846d64941b82030702fcc1cc56d27d4048ade1491b13764bdc3100e4a71af12e5ce8954bd80d5a5597561ced4806676f85b9e8a8ae31d388e37bd208c319fd4f0ee1c1eb1955b7eeb2497ba903b407263857b431bde38f1fef297a266fa02b69d4ffea3d6efa93fd45a97ef23c7c8d5b52721132f94492fc34189b28506e790144413a6b1985603d151edcc6f33c2c25956204f640254df2c4d370b819f4f3ab5f1fc3edfa7d4b56ef75282a02048c5b55c5ac0d866292e5070602d607806520f92b640e5e30187cd3502040fd648d3c9b0a2b1a03a45e32fda16bf13c690346aae3b4f6c46ae62a0271ff77b8c7a912994838e3871f2d0545b06cb1e239d6c7e7bff00a6f496c2e388f869638e4291adec462554faaa4e54045708aa4004df126ed89af675bf8bb9fa4b5ad16ec84b626d6b0cf870a56e06cd639d6cf876dbe8356e30bda697e9b56e3733cc233182b0adc76dc0d5a4fbd40315652cd1b00a7b218e015475d7e0ce12dc8be3623e3f55aa3d96ddb4975b1753a94819dc1c981a1292be347812ec40591464aa3e357862e026328e4b7c41adbc10c8232b2248c598101435ae38daf852f80ba678eeb214002b0bdf1b637a889c49913cfa856eed6c447f4168a451331051981180d24826fcad4aac480b8ae936b5b2cab7bd5b73fe6dab58176ba85be58e18d78d3da2934926226f88e14de22e9326b9021e018dc56f0e5764f4c6942542ad1e663626daf9f5500486b160cd6cc1c70f2d6e3a371b6f72414d2be4b8b11cba28017d31382bd7fd0d797cd5bafbe3e90b5a1901b6205870a87f0b1a199c4970e6c08d2411875d2440582c2e805b88435090a599625b29c2e42e5526d263f848f19d1a4c6e8e7baa72b834d0ed1f54806a94a0691ac7d6622f6157be045c115ed349583baa42350160417b8a03f9e7e856d7fbcff51eb77d49f4d6a416cdd3dc6adb235f169d5883959d4ff6a847046240574b5cdac0e17b71afc46eb6e37932dec59ae48e0b6eeaad4f0edda6db497134291b16047a97be05751b7451794012840d201dd0e002d6f2d40edfbddb281c7ecd996886175398abb3172bdd66ced6c9b9f5d6cb85a75f70d463a08f4fe4f7ea027ffbcdc0f3a251638db01d17a694b12cd972b56c7ef1bfd37a4eafc98d7b3ba24dd7d24a23559188d63891cba28d6c8fcb23f51ab756fe34b7fd335aa68bc4375d1762aa31c4b0198a3244a936e7585d109bc4d13362430be2079aa5dc192cf0021047df5c31a69bb0e58806dd9b1b5ebc43a447205f138902f838e9145849afc6ed01706467f3646a4f696eed24dbafab8f6d868f0e36d5a4f59e9a4936ac195d412aa2caa0faa78ea06f7a8c1c00913e90add7488fe80a67b925ac0f4755635bc36c42406ffded1045c3660e4456b308273ed1272eba981f887dcadd7f77fe9a57bb5d35b9ff00cc6dbfb74d1b7ac349f2d315e26f9f469ac072b9add5bf8a78f40fc89211db8c305c7e36785153eac6e4639decbefd34711d12b45a548c00256c2a1458a49046ad293b96d6aa6e2c058db3a12041035f1d17561f3587abd068f8da45b05d39d873af699bdc3cd047e41735fdff00f62b6bfde7fa8f5bbea4fa6b4e6feba7b8d44c68d2f813bdd554b69f11118136e04a51261588039caea987e7b8a60dbddac670b0126b36ea453eed313bc91ce0008a26381e962b442c7b9981c3b4c918238fc735b097749b888b2cc8a202b2775c160ed228e77f2d65be23aa2f82bfeffaf4c5516e00deb9858385658f492381b5764efd40b90a3c21617bd86157ff00f616cb38be0ab03ed007fbaf82920316facb23cc1ef186bba8520e16b615609bfb9e98be0acbda00ff0075516ed23dec8f0b6a45731004d8ae361d35a441beb701aa3b75655f61be17f951d6116fba7b51fc150edbf0fbcd1033b236a8cb7d65b570e8ac137c2fcbc23ef5629be23a7c3f82a1f053768d0ea999e4f0fc2455520b4846431a9b7a146e36133bcb1eee1edc7a1db576adddceba0e4451876b3b4519b9d0002013991caf5e1099b48b957362eb7c480d6bd45b83bc82562aaee854029ac605cdc5c8a4237716d6060409546b6d3996249b000f2a8e78201224faa37de6e4788f230188557eea9cc1a0849d23155be14073c2c067d14bbbf6a49f8083068e361aa79addaec477bf9e937736d772ebbb8d5e29e190223e91a48d2c3065c88ac36bbd3c719d3f66bfe16f2dc3ebd7e0a951761b9b4caaae4ce09b21d6b63c31aeced3763fff0040f82bfe26eefd3b91f05696d86e483706fbaa699fd9b3076b6ad33800e91a470e42b0f67cff00fe4ffd358fb3653d7ba3f054900f653f872b233ffb937ba12548ecf4d7fed92fff00947f66bff6b73d7ba6fd9aff00da4f59dd37ecd348decd6577376d3ba6517b5b20bd1561b093cbbb93f66b0f67bb749ddc9f056e3fd8b2488638d2db8672c64258db5a902da6b07de44072d128c3f39685b7a3861b881d31eb01aac1b693fcd9429f3395aed7b39d85fbd1b6b07f44354924a8d1fe2b76182b821ac885b8dafdea3f7e3d286b6fd0d2ff00a8f5bcea5fa6b52db2d6961fa55bf4462046db794e9245c12f1b5edd62afa6e7a688000d381f2d10b6c073b014ac70e633a46d24fe1b746e73b2ce961e94ac0d85103c8063431eaac73ae5d15619f0accde89bdcd0cef7ceb98be1581d22b571e5d1ceaf7bd1ab0c7a6ae4e16b9351ed997fdcef82ee3726d8a41fbb84fceccd17d9bf861bbf0b0bc520c8864ca898c2fb237c712a45f6b29e8eee927fa5e8c3bd85a223baf62637f9b2646b99a59663a826222b13ac8f55b90afc3b4ade08ca307b3ced41f7133cc5701ac920002d80ca8ba0106d56fe26f26ecc23a89b6a3d556f65c5f88dd0ff00e4a75ee9cbea63e1d7467dc399e76ef48e493d552fb318fd6633ec18f09d41d518e8907a6b220836287020f107aaae71b1c6bac9f2572e47a2af446542e3871ab655d5e5abe76ac2ad6c79d61571873a1e7b5657c72a573889276703ee9027badf92447247842f23953a170bd8be55dbd9bb21c9885600e566a25630873ba76787c9b56da3d6cc81a6655725b481a1302c4e7634df7cbf41aa1e8797fd46ade7cd5fa6b525c63e2479f5356ea0040f1b6b2581e2d15a551fab40dc5cf1a6dc951182a35863a8120e9070a1a9d847392a2344ed0b657c2f66a5fc43dc04b7859953c2e7a2bda3b6be2d07e2117e336dcebb7e8deb579401d346d6a16c050391e9ad59f2e758d658656a239d63e5a02d7e8ab0e2689b804e1d16e42b0171c6ae70e8ae36e34771ba52db2d90f167f96728e3fce6a3314d7bbde3dc2f004e4bd4a290cba48617b8560bd3dac7d356617e6a7fa635f8660bbad89c1b6b30b8b1f8ac6e4516f61c9e04e317f67ee5bb5d71bddb0f3f929a0dc46d0caa718dc58e185c73f2508369134d212010a0d96fc58e40569de11ed1de8ffb78891b78cff31f36eaa46dfc80a27720501224b7c5514348cc5c01d34a5d8020dd54627ca052c8a42ba11246c3810752f96a3f6cc48045bb6d1b951947ba51daf24806a157a239d6272c071a16e342e3a2af7cf9f2ab8af76bcb58d5b23c2ac41e8a37ca870357e031a812d664854bf1b994993e0a76daa6b900242f3b70a913791048b70749600a3927b0da95b8e19d2c31c2ebb6762ba9892b6b0b124751a620db0a8d2e3eae25387f30993dfa7fbd4fa2f51743cbf4cd6f3e6afd35a94ff323c3f4ab68f20bc7e322c9cb4c87c36f4353eddb0781da361f34e9f7abc06b8422ce54e9b8e57e9a201ccdec2e7cc2b5ac05133d731112db9f6ed4ad3ee038c51d36f1b38d32028d790d97d6e152ed66043c0e62619f74dbdca06d59db1a2733ceba87a455c569f5b3b71ac7f37a6b3c397455c63d1597457ca070bf2a3f1b8f55607dfe8a01016662028e249c00f3d43b5c1e28984bed07421f4ee5b2470310aa2d6395298d86b422485ce2350e7d06bc0914c6e16e636c40e651b8ad5e16f0e46c429ee13ef1eaa31cc0a4831d273b73c303e4a1ab12310cb810781069b65ed58d779b58a1791b70dd9960551ded633b9c30c7aeb68becd61b7f646e92ea918d2e644c25499bbc4d048d6c32e55e1c9185d235c4f9eae76eaab0eabd5c5812716b7b9403139e585fa85aa4d97b46d06db7ea14a6264570418a6217b9a4f1352ed372ba67849575e91c474118d677e672ac7bbd19deaf6c39d0ceb90c41c33a06f979aad99ae9a17eb1e5ab71e156158e5d146d872a8f6e9de9984638f7b0269a45865850d82cb1699636083406286cc301903411258a637ee926193f425b7bb47c747881c0bb83a7f4c5d7d340446e961c6e3016a6d36d4dd95eb63a47a4d6e985b4f88556dc93b03dca93ef23fa2f49d12c83f5ab79f357e9ad4ff79161fa5440cc647a73a4deb6e23dbaefe38e608a1e49492a15fb0a3e3a9c6f4443b79b70c3bcd3b8863fd08eede73560d1ed3832edd42b626c3b6753534d247f8a6bd9e494dca9e772492bcea48f42a3add5d571019791e478547bb23fe546a5db878b0fd549d77b03e5acf0e9abf1144fb95863c7aaaf7b13c3aeac7f4a871c72e156bff4cab970ac71e91d3440acfaff00237b5654d6b01f0b6aa460fb97cbf406348048df885bb1981b396399bd1918782c6e7c7887d5b1e72c432bf34fd1a433a85593eca5521a37e7a187b99f45588054d14b095782936653c086e8a7794690b88be18db1f4d26c15bebf796dc6f87155b7d545e6cea5f65ee1b4c5bc656db3dcda3ddae119ea7be934cae34ccb74954e6ac0d8d763fe429d51df2d43af3b8a124d65638b026e01e5464044705ec667caff002066c7a05130298ee2c770e078a7e62e49eed15b5f5664e249e93c697da60df75b20b06f40cda1bfd54dd62f6357ce883e4ab0142dc333589c3f211950c6f85ac2ad9f41a1ceaf5719f5575534ea2ff8746d3cbc493ead07a49a8c2aead2b91c0602e6f4b148ab7750478ab87685d7b5d3578257db38235c4af91be5a4dd4f3ca8178a1dd107be01864fd38cfbd52c9278d04d12348a92e991494e024517198ceb1cce24f49a970fde447d0f43a2593ddade7cd1f496b703e5c5fdaab8a8a37b17da486320818c521f152f7f94185470a3f87ac9b155d761eae038543ed1dc449e1177da4da4b598afac5786069a2dcee1f6feba31732a32926f6c463e4a96104c8f2c8d2163c53d465e835284504ed186e6351727c361e1cbe6ecb7e4b792c6ba2babc956d27aeb95f8572a2061401cd73b57c359e7c4f0ac30151eda05bc9330451d7c4f40ce92280ead9ec818e16e12c84fd6cbe7c299e29044d9962093d0396351cad61ad4330cc658d3b6dd92cc7eb130789d87091323eef4d1d07c0b0bf87292616e88e53ddea7f3d18a55314a3131be0d6e7d3526ef7166d9ec806753fbc98fd9463cb8d4bb89cde599cbb1279fabd428104a906e08c0823106a2f6a5febeebb7f68c638483ece6ea900f3d110af88e062d7b2a8e658e02884b6e5ad8362205f26727a055a473b8dca0b041625472007650523ca34eb216c48c091c4d34497bae373911c08af19d3c581818f71167e244d830e9e629e01db81c78bb69783c2e7b07c991ac73146d972acae3975d5c0c39f0ae8e343d347036fc996272ab83e4fc98e02a32e2e770c677047a8a34463cb89a8a0593c286daa5e0585c0b0e7506d278ae6065d1868f163f8a86f6397315bcdd4b7711a88d71bb33dec9972a11caac8cc81c063ab51199e8a9c020b4ccb00b1c42afd63e1e615954df3a2fed57f7d27ba2b79f307d215b906d8345c7a5aae7c9476ee6c3771f8684e204a844919f38b796a2dd6de4f0f708a54122eac38022a58230628659fc52ee2ce8e7066b0be151fe20c539857c312b02afd839f60e96be74a9b745db44000b24bd9047c84c49f257e22657dc21bc7297fab531b8d2e1105ce47d6a97653105a03a430c9d0e28fe55ab93431eabe540511470b0e26b2c2874e756c871ae23ab1f2d5c8c38748e756e152fb4e350d3ee4785b6b62f1c372b34c1736e585247b6fb341600674cee5b4d858262f71c473a976e2cab35d9e404eb56726d60d80b8ce95e173b50c005bf6a2907ca36c0f49a6db4d09599175364632b96639d28004d0ab7636cf7cd8e513af69093e4e8a1ecbda331dbed98bcc5882d24edf188cf48c28d871caafcebfdcaebd8ee97c1dda7c827b2fd6871a9367b923c389ae214c236538a3fcab8e269e389847211646b600d1458ceb1848fc19f89be66974f69ee195791e140b2b4930b831af6428e96a58e501e7386888137e400a7818ab6ff00601a5db440ea6f0881e2c4c4617c3505bde858dc1c8d61c3dfac06030c285bcc2ba48aeaacf3ae9b79ab016ac32bd61516d23c0ccda493928f59bc82878b03246968e09f6eda6511a765352bf61b0a2b1ba6fc01dc03c3dc20b5fecdf323e49ad127624046b57bea041be0adda1e5a5999c4d3a4a5c3f7432fc56a9774f7320048b9be953ea8a8e1b83e0a5ded978929d6d9f102c3f24e7a62c3cad4dd13c9ee2d6f7e67be2b72387d571f947f22c911d2e843a371ba9d43d35e26d63699376a26862504901f138f256d4a68c734e171b1876d677ea66eeaf9e8b44ab07ca3db97f4dbbbf9a2b5b0d4f9bbb12cc7ca68152191b88c6937a08f1363a76f3fdc313f877fcd375f356388ce893e6af48bd6371cad57196559e37ca85f3e9c289e398a0713cef56523a2936aac5118ebdc480d82429da763ef578d0831c10811ec954e931c69dd2388248bd5f7e19dad61bb840130b641d705907a68492b24fb66254ee23ee29e5206b321ebf3d2bb0d4410431c47511c6920217c02c52c3bba49ecaf6b972afab4d0ee034963717e8feaa937deb467c1da29f5a6618b7520f4d626e49bb31e671268d863ce85f3e228f23c2b4c8c5bda1ecc51727f79b2bd87598c9f3503c33c2999d3c233392b10c58f4dba68c937fb7870b44a7b66df19ba790a50dfede16ee281aa571f223cfca68dc1da6ddfbc8a754d20f97270ea5a03680446321d0f0d4b913eff00450dd4202ed77c59d138c72afdac7e46ca8e157e588a006672aea39d6356e068756556be032158f58a3caa4dddecfb9276f05b3d1fbe7f716aec42aa8cc9b0032a48c76d8b69bae3a580be632a58a6d3bc853249c5dc0f9128eda9e9c694413b6d6439c5bbed444df259d6e47e7501ba85a3894788f200190aae27b6b8636b636a7964efcac5dbadb1ae9a9cf3f0fe9549ff00987fa295bdf99ef8adc72fab07f48d1e8acea5d83b37fb37fc42a024068643a64b81f11c83e5a9268557b0a18020db3f93474eca569ac3b2b6d38f1d47dfa864de8f08ca5e331290f8e9ec0d2b8de9161db948558ac8d2764f580d8d349b917db3ab45b917fdd3f78f5af787554bb39fed2122cc327438a38e86537a23873a07cf56c6ac2d6e35cb851232b677c71ab1c7aab9da8eac8634bb63ff0033daa824dcff002b6e314416e2f7c68f876d605d7565873b70a0c6d7205f49b8bf971a5936f21867209565e238ea1911d744cd6d9cb9ac8a09db3df8ba62d193cd70a44dc285f147d53821e397e630c1a9628bed25ecc7caf6b9bf4018d68dbb5f67b51e16dc7c6f8f21e966a233acf3a3d1c6b1c00a877d100ed15ee87274234ba1eb14ab036bda4e9e3ed24f8d137aa7a50e152cf0aaaab35e5dcbe080f59f70509205bdc7fcb997d314472eb6af1a4625dc8569a4bb3333642f8d699e42f31c5628fb4c41e3cab424002920121f532837c5c01616b73a9766f80dd69303f04dca8b447a35f75bc94d14aa5258d8aba1cd594e22ae6ae3ac1e55963ce8f4da8db2ab9c8615a8569e073a8f69b71aa595b4a8f4927a857d47d840be0c038e9538b11cd8dc9a6542012302c2e33a43137824df4ba9b2335ee750e9aff751942b605e33ad7ac8188ab11476a8cc0ef98168ee748488dcb69caecd855f8d6ae9cab718e1a633faf6a9872dc37d14adefccfed0adc0e27c3fa46b3c38f4d0b0cf873a8f77a75225d658cfaf1376645f353c27b4ab8a3661e361a91ba41534fb792599a3c1d635b02c84e097ccaad071122b28b062a2e3a8d32edd7594efc8c74c71fce73857d491be96df68e3fdb2fcd438b9e938534ccc5fda3ecf5248b76a7da937397188e3d5571d638deb1e57342e33bd0b79a8df8f455ed81ab115f0d09370146cb6bf593b390a8c7d48cb1c3b4d52b6f6368b7121d5a585ac992aaf02aa30b8c2ad660a31baf1aba585af79145c63f181caa492de2b376a3c941e0501f256208bdae0f0e8a3e030684f7f6cfda89c7cd391e918d47341ae2dd7b414a470b36b104573ae446b0621b0b6ac680b58016c2b95616f250bf1c6d595f9fe47f644a8259a32db8f67072476c0bc90618e960355a93713bf8c738d2da638fe4aa642858580f350d8fb363334aada9b703ece361c2f9138d4912ee58c88409db46371f118f98d08a0458e351c30f29e9a7dbc63c692d8aa1ee5fd666c96dccd47ed8825495dcac3ed0111ba2ce17b2f7c30702b0eb35c873e9ae43863c6ac055add3586271b8e156e15d75f895631eeb76ba612a74b45083da905b10588b0a0bed2425c65bf800f1872f163b59c74e75e3ab2ee76872dd43da4ea7e287ae8800306b03d5ce94c721d0cb674201c14e14b1a9b973e61ce9e58c5a14023807c84c8fe76758755615b9b7c44ff00516a71fcf6fa295bdfbbf7c54eb7b631fba6b1c6b0f3d5f81f2d68672d3fb3bb38fafb67cba7ead8dba8d2698fc7dc2dfc2551a9c5f95a82eed8cd37ff00630b0b21fe74a32ea18d08e4d29b74378f6d10d3129eaf58f49a1705ae405503124f2a8f7701fac88dec78f06461d230351ef36786c37d76897f8120efc0dd2a72e8ae438d58d0b67d19d5861d5438733478915a554b3936500124938002a1f6346752a5a7f68b0f5e761847d4805086551bdda265b696fa93eea5ef21a67f66bb48ebdfd94b65dc20b5fb1c251d58d129f56e0f6d48231e441c4559c043eb7c46f27c14b996cc9b9c6b4ca74eda2532ee9fe2c6989c7a721526eada63ee411e4122516451405bacf0a3d144667a28db21c7aab03d3635d3ca92781ca4d13068dc70619545bc4b2c3bdbb327f0b722de2c7e53da15b68b6f3ca36fbb9344d18636516bb639dad51b6def1c71a95584776e736e77a2cd60efeaa8bb311d031341242c8786da220cac3e5b6518f4d18ded1edc9b8db4782fe7b779cf5d3c3b95bec378a20dcaf0517ec49f986a5d9ee3ed613a75e2032faaebd0c2b0e35d158f1ae8e54479a872a7926c36bb601e7f943d58d7e53e54d3b8d2ef6b28c9140b2a0ea156c59be28ce8bed5db6d2be0d701a37e8753753e5a08e17d99ba3c713b4998e7d311f4504dcc6636360af9a4838147181a665eccdb9bc511e2a83ed1bcd8574565957bd5b91fcb5ff516b73f7ffd85adefddfbe2a7eb8be91ab1f2d5ed8f4d679547bc451268bac88461246e34c887ac50dbfb3c0dbfb3f751acb1cc84b4b3c6e3d791aec34e5a453305c86039935dbd4f213a6c3b201232b721ce961f134af79350edfa32a66908d4c4657c9469c6fc6b73b7dc803d9735bc795b0f0a503eae48b8970780cc53ed27b174b10eb8a488d8aba1e218567e5b5eac323c2ba86357e7c8e55d1c2a5f6dee06a8b687c3daa719374d62b872518d1673a9e425e66e2ccd9d1720e95049b676151492584a58e9b1b3aba9e0471b0a0bed38cee554593751586e9396ac9645f9d477113aef3677b34d10374c70f1633da43e8e9ad4b6b73bd27b350db73bc026df1e2b1671c5e5bdcd01c3a2adc3ddab72e359ded6f25764678119573205003872c68662f4decf94fd4ef8a88d8e51ee5708a4ea391a2db922396262b2adfbac3036af123610404d84ce2e5feee31da7f73a699b6c1b6e8e2cd2be3b86e78e48a792d058a35f095819a42781c6fd668329b83882388a23307034273dadff00b300496d9c9b3b9d0f6e263271e8ab038138fbd56f355bcd5616ca8f3a8e084069243a541cba49e4054276644fb2846add3203e209ce7248a45f47c5230ab8c41a671a5a42c58dc9c6c6d6a2186820dc8e77a5d78dc58de976234cfb190de5db4c0944418bb23669a4622d4f2420a6dd7b1b74389118e77e273356c6adc6b1adcfdd023f4d2b76394c3e88adefdd1f7456e7a3c2fa46bdfce8f0be62ad7ac731614dec873fee14b4becc397d61179613f3c0baf4d32e209c79588391be55690786dc6eb88e95d346790150a34c61b3c7bc6924deea5120d506d970925b713f117a4d4277c57c50ba76fb553a52343c14677e9cebf0ee74b2166d94dc15dbf76e7e239cf91c69f6f3218e789b4bc673523850c850e7ceafe7a8f6d02ea9a660918e773ef675b7d80529b1dac7fedddbf7b2be2f2dc6757636502e49e42904ba4453a1d11adcb306c03139014522efc2de2427024c8069d23a31b1a04de78a440c710a7531bdc03cb2b52ee207306e57bb2c781b71bf31d06a7f6a6f6058e5d8da46782cb0cee4d955e237b3938f673a977336334ee5df90278792b1c40e3ca8291c3fa1ad35c85f1e9ab73bd639e62b50ab1c28837b919e44748a8fda68165df6dd920dfb4972ab8698b71e1e4588b0b9a69e5632cedde91f13e4e545dcd94624d4923390a1742a819df9f452c3192e78dc90013f17a299735e27a6926d9278d2c77f1548b2188f7c339c05c53451307da4c3c6da480dc344c70c79ae5f9029c865d46ba282aa9249b2a8c493c2d5a1802d27fca907a8063e0a1fa5e6a0fb5711ee6016d4397c571c41a73b45106faf793684e98a4e6d01391e3a4d3b22f6ee43c6dd9656e39d58ae816b5cdbd00572551c790af041b6e37a01979a6df345eb7cfaaafc2b0cab1c871af7f8d6e6ff00c1feda56f07f357e8d6f7ee8d6e7aa2fa757be35d7c68df0e64e358e58634b246c51d0868dd4d99594dc10687b5631694909ed28d4596398f7651f265b5fae9638819246364451724d29d0375bc06c460d041d7f1dfa3214649e5f1645c6591ceac4fc7ea1970e552c5b18a43214ec137d3ad31d697c57c951c5381e218c192dc18765b03883d74215645f68a8ff006f2138cc831f0a4f2771b86469e3910c72c6da5d1859958660d72aed1ea229fdaacbfeeb7978360a71d319fb49ba32b0a31465771b7383eda7edc64f35e2a7a4501b072939163ecfdc11a89e51487b2dd471a3e113b6dcae0f0b8217f470b51dc5db5c4b18bc98abbb9f0ee3a00c6963537082c1b0b9e9a017b4ec4220e24939547ec881814dbfd66ec8383ee1b304fc8185635d3c05627857bf40dee4dee31c2ae301c6c685b8e19e55d02ac4e22f8d5b9dad7cf0ad7376b69b81e06f10e4617362dd699d3ecd9b588ecd1483f7913628fe6ac535235815e06dc0d6a616d58e91d1d14a805d9b0544c598f2c288ddb1f1065b3848d7fdebe21474675e1b858b6e311b687b31df99e2c7aea4f6685beee1bcfecee939cb0df93017039d1c33cc1e157a16c6f80033b9c2a169942eeb7009572469852f63a48ce4e7ca963dbc7e2484f61322c78b1adc6ee664dbcf17644201c1755d89f8c6a2790d84a0b21c01d6a6dd82d8e9231a1f8c262954158f7e05cdd70d138f587caaf03769a2422e841ba3afc64614dbb9ac60dbe3a0fef65cd22b74f1e8a937321d52c8da988cae780e8197e4e9af463cabfa655b91fc86fa4a6b7bf3d3dc35bdfba35baf9b1fd3ab5b1e358f9a8dc1ac4d677e9a12dbc58641e1eeb6e4e13427bcbd7c41e751a7b35fea77203fe35ac257437063523b9a7badc6f4a902a25c91a9acaa2f8d6eb7fb78842239346f768ac5b529fde6230527cd425f676f0241b8eccdae41ad185b1c389a8ec04dbe980524001dcfc66e8a9228dcb3b1b4fba537bff2633f1799e34b16e5d62f68a8d30ef5cd92655eec5b8e9f8afe434f0ce8d0cf19b3c6e2c411ef723516d17b31925e6938244bda7627ab0a32c2ba36b18116ce2182a449d9c3af3a6e31f2e9e558adc0e191045785bf43be887724242ee611f2243deea6a2fb66fc7ed6df589a478d10fe6c589f28aec30d2070e16e1537b54d98c47c1da467d699bd61f301bd33b9d52312598e3a989b93e7abe64675d1863c2b872b9abe5c00ab58dfdfab1cc55fd1580ebab122e388a37c6e33e9cab1c6f8115f87176dff00b24178ef8bcdb463da41c7eac9abb3008c33a124a7f09011d96704c927dd4799ebca8aecd0ed108b4925f54f20f94feaf52d590581ac05ef437309d0f110c8e381151fb476ca06db7fa99946514ebf6b1f94f6850440599c80aa31249e02d5a9acdbfb5af832edafeec9f469a293549b590ea755c5d1cfef52feb73e748b3386b8060dcaf75a2620365c39f2a6901f0e2950aba924842a2e1f122f7d3635f8adc38876b012230b812f6b6951e9a0a54142baad7b918e4c39d2ec67559f68d895242b4038c88e4f66d99197beb0c034ece0b8841cdf1c656f94d47a7856185b3157e58d615d353e3fb87f756b7c3e547ee356f7ee8d6ebe6c7f4c5622f5cbdeab1c3c95a4e358f96dee567d428ed772cc36531ba9163e04a70f17a54e4c3cbc29b6ed61b85208d78a358defd208c8d7e20811c920d32e8c6268c0b76ba4526de0453239608aa013216eedc11d9b5490c6fab70d86ef72322bfc28fa3e31ad205946405164bb25ca90c2d952edbda24da31a76bbd03549b703d5702dae3f48e15f862eafbbf6a62f3c7da8c6d90e0a8c7e3def586007b828b290a490d8e4065734faac2d6b367e5e14641190bcee09a13eddcc732622443a5d7faa976fbb4d1bd99ac9bd85476f0fdfc2348cb365a5dbed0ffb2d90f0a11f1dff007927e71a17373d1e7a3c8e556191c6dd358db3e342dc79502fc40b834380bf0ab676caf4398c681fe98d00063913ccd039839d45bedb1fac81afa4e1ad08ed21eb1514fece4d71ef13f11b79e5b3246ac718e34cb529e79519246334adde77c5a95d4120120807303bd47c061e02d892706b9e407bf46596eb63655049279002836e0150d7057d6d272d5c2f5b8f639ed45bbc616b5fc19d41f0e4eae0d462871de292b3ee6c7b3c0a420e5d273a5115c313801d02e6b5ccda9dfb4c390392d18a605b66e4b32af7e3722de247d3cc71a3b59c0293a0314e982baf0653d1cb853cf1c7ad8a288b562a1d7377079d4d3ca434b3b0f0e241c858759a7daab6a2c7fdcc831b9bfd929e4bc799ae9e9e8acf13c39d5edd1589e83563e4b51bf3a9c7f224f78d6f874c5ee3d6f7ee9ab71cf427d315d342f81e16e55cfd3405abdea1cc6357cc6551ec372e2300db67b824da324dfc293e41391f54f45685463bc66f0d61b63e27222a586360fba92ebbc9c7752f9c717f68d2c0d22ab9c152f4a4816d5f5684e7d248a555520ae0da85bcdce8c922ebdbc2c15a31819646ee463dd3d145d8aee0cbdbdc6cdf0453c3f0ec3b8c0603dfa76db6a9a18fed22616dc423e5a8ef2fca5a5785868e9c6c3a29ee3b52601b22b6c6a317eca81d820d98a8d2093e9ad6d60c2e6cb953ef5180dcefb541b41f162ca590f5dacb41578003aab55b05cdba7a2b1bf3ae8f4deb1c81c79d638fb95c4e3863cf8567c6ae3317c6adc2ac4659d5ad6b603a450388e8a00e37e5527b08d84cccdb9f67b9e12a8fac889e01945062083930e208c08f2548864558d3514271b2bb1b6429d206468ee354973a095e5c491d15e33b9927c6f231c05fe28e141dcf850136d56bb39e51afad46ecdb488d9a3553f5acebdc791b863c0549ba2b6df6d6c3da51ae0185bb1b845e440ed7f553b44313617b5caab604f9a8322c85b22748d37f2da8b4c0140487d2b6200a31b6a9362cd73607544ffc48bdf1c6878e448a543c32a7764539118f9c6629e3562378c2cec3285187747cb3e8a1c870158e268d657e38d016f2deb0f2511c2a5c33825fa35be1f747e9d6f7ee9ab73c3b09f4c55bce6ae72a1cfa050be06f879294711974deb2a385efe8afac1a9322381a6f67eee458b70c9e16cfda0f9a2ff0647e0a720dc29b6f2a18e688da48db120fbe0f3a9662bd9377d78b3732bd552e9c9000961d9e9b1a5dbc442b302ceeddd8d17bce7aa937b28f0f69b6fabd983eb96c3c56f94e6a6d9c81639624128b36a1a0e7ab0c08a591894956cd1ee22367186188ceb56e94c64e037b0282ac7878d08fa4be6a0f2aab40c7b3b88ceb889f9c3ba7a0d8d5d47f4e8a5801d318bbee24e090af7d8f929e741e1c0008f6e832489305c3a73ab0a06f91e1c281bdc1b647d156385b1acc836a37e070358656c6afe8ac6e2b0c70bf2ac6dd245117b8b0ceb1e79d72e749344c5258d83c6e3d5653706a1f6b6dc694de1d3bb41dd8b74a06b5fcfcc55e650c465d1e6ad30a5f48c7208a3a49b0140c0a370c0f6a56c36ebd0322e7d15e2b133ee0e723dbb23920e02b6726dcdf6fb890a493e92fa74f0d386343da3b34ff0077b262922fa93a11764c7e4f3c8d26ef6573ecfdc9fab3c62931d50b0e16b614cd18bbf01c074d4c22bb972da78df0b0c72a8a16c5c28040c6ec73b537b3e370fb9760ed1b0d4bb5c0f6949f5daf970acee4e249cfae879cd5b3e9cb0ac3865563970eaa04d816360a4daf7cab11d163c0d7bb5201fc197e81ade8f9311fa55bdfba6adc1f929f4c571f272e8a69105e34ca46c149f8a39b1e429a26631cc1b5052c10be1a4a02d60194e201ce962985a5c6e595958af007501735d3d75cab3c7deac7c9caf57e278545b2f6939511f676dbeccc238472fc68fd2bd55e14d657b065606e9221c9e36183034cf1290f258684e27859471347617b83693da130f8d9aedc740e34366da536cea03b1e0aa780e62b7fbbdaee82edda5112f67548d0af66dace233a1132a6e614160b6f09c28f8a46145a06ed2fda44e2ce9f394d1976ae76b2b778200637f9f19ec9ad53c676b7cf71b71ae06e9788e2bf9be6a787680ee9f74c7f1b2edeefe14282e88547686bbdce15702d8d8dbdc2285b1e60d75614dc6f90a00636b6757b9b93e8fc84e045a8115d75ceafc4f0c2ad85f03e4ab91dec4dab2e3c2af90e753ed7711b27b377aa049b97ec2c32a02639017b038e14d1946dd4d11d3228fab85187c6638b79294ef1fc40311b751a6153f3467e5a0ee42ae488a3163c940aed4876719c923c5edf29b8792b7ed1cb2eadbe97484312aec3b6c48f8d61513ec9f4eda551646034965c1c023d6e38d3c92a96f66ef2c9bb8c65149eacebcadc7faa9b6b310cc06a8dc652467271d74b146b77382228e3d14d1c0cb26f4821e418ac07e2a1e2fd3c28924927126f73739dcd1bf1e142e2f5cfaead98e8ab282fcc01c3a69a47b3c8cc08851bc4271b85661801e9a60c4b35ceab58f6b8d2b03756181eacc758a61fca947ea356f07f2e3f74d6f7ee9ab718f08fe9d5b220dbd15178a18a2a85257482ad7ce3ecf601e3617a276c078ebf691692bd9180c18e1d671e7476e65045eeb1cec0a5b0b69f130f48e8a66781a1d3f68b62533cd1b9796ac05ba6af6e18d5d85c1e1589c05edef55a9765bd569f60bf66ab6126dd8e6f093e95381a1ed38678f74643e0ed6650744648c649430ecb01869349146435fb4cf7b9666c4b5e84ce2f7055a142559949c8b1eeae18db1a995092de1c6acb7ba02ac58917c78d1e3526f76aa55e143771d9d69eb276b020d2c5b208db08d55433dfc490d86a55e3a85e920627c0dba9dc6e470217100d36ef5b45b9918b97462a71c861ca89f696d62df7f36de06e3afc48ad7f28a0bb4dd3ed59cd963dea5d6fd13457f48a70611b8284863b76596d63c557b63cd5a65468d81c43a94fa4057c9356344f9685f2e8a07d3caade9ab5be0ae7737140202cd900a093e6140fe1d9148efcbf54b8f4bda9577dbb5bb28758f6ca656656ee90eda52d40ed768aac329b707c593c8bdc1e6a0db891a53c351c0752e42b6db9271dc01b5dd83fc64034c87e70ad5b7113431baabc4ddf652351606a6df6d10cfb259196050ddb407b4d643d34741c4663223ac1add83882c971d054d3089844a0111325c138ea5f101c0e93c73a116eed2165b4b7c41e9e1537b3659d4b6cd4cbb2deb1ba44985e191864397f55343b1246a1697724599f988fe2af4e6685b86544f0ab8c8f0cc8ab83ff00d6af7c32bd69517006a6b9b00145cdc9e62831994ea3748611a8281992c6c2bf1c91a9f0dfc448bf8850876551f371e9a478acf0480c90907065625b13cf1b79287492e17961a7d36a755c142cc00e1f66d8635bb1fca4f74d6f7ee5bdcadd7cd8fe98a6473a013a95ce4ac30ed7c9b6756956c4f75af7561cd5860457e19620d1b5de5bb94161eb487e22f2e3464da441a18d4299c9558ded80d37b28b53a76a35c2392c353306c00d37d24619d174c2df6917ac8dc70e5580b1e3585e861ceac32caf589a6680ada550268a41aa2954e3675f7f3a03d9c09d20b49ecc90de55e6db790f7d7a33ad503dc8c1d0e0e87930a9e2886a765ec8e66f4afbab48f988c7741e9a4d8a851b20c44ec5829668d7c429f36d9d4bbb689a28e021a2505900400329600e273ad6c7eb3da2e598f2822380f2b56a3dd0313d15df26191498d6c2d71c8d6da37fb35633480fc58817f7457e2675fac95da50ddd2359d5879eb424ecd1918472da55fd70d5e2ee769b6946a0b745689893ccc4573eaadc40bb5dc810b94124735c1b74383442bef2336f596371e7b8abfe2b73619de05f7a4a78d7752b68201223500ea50e3bcdc8d58bee4b1f931a8f74d06304cc6ddad72e91d7644a8ff000fb48c7890acbf585e5c492ad8bb01869e55a5596217b7d5009f4147bb46ec649973626ec0f96e6b6f29ef41249b5909e44f8b1e1e53588bdee6e31cab532347a8d82bdafd7873a9366fff0072b784f29e3b98f1e9c4526f9d2fba45d2cc0b01ad39a8363ce95f651a2c12237e276d7d258c63517518f6ac70e74b21167b02932765ac71c79f96a7f15964121528eb81216fde1c0d19667088b89635acb1db6c58d81b7d7cc7922f01d35e12a8876a0dd605c413f19cfac686a3716ecd1f40a1d1c2b1cc9bd5f33ca8f123b4c6d82ae57a36b2885d63373dbb9c0c9d9a2d310d106296074990a827b3cb01873ca86d16767c3eb278d41b28bc90e9b11da5273f8a6d4a372249f72753c70a76400f6bf88fc2e45f0ad6f6327a8a98a211ccf1b72a5bf1593d28d5b9e7e0afd2adefdcbfb95ba1f223ff005050245c02095e7639539dade4537ba60e08e4d1b512b1a8248124122b1d2cbdae245d78d13b97d6429284f740190551d9b56a11e90c6f19274c8c7d5110e75a9d6caaf6b4875e2c42c818e5ddbdaa68c02ad01d2ea7e293656f72ac311ce8922c0640745100dc70356e630ac38502090c31041b107a2d518f6916d69d98f7f08faf4b0fde2e528f4d2cdb92b36d49d29bd82e57fbd4ef21eba592260e8d930c41a89922058b3789265d961a4dc7322a2d8446d26edb40e84199a925184315a1847f2e3ec8f3e75d920951da47ec81ab01871ad40ea8d54c6490476867a6f5bddc29b3154dac6791958173e45151cb398e2836f18511b5dc953eb7648c68489b85fc14ce5628e5d4ce8c0dae8cb8f4d6c61b87324d1ea638777b57f454929fde4b23f9198914ca31d22e6e72eba72322a6d5ba3c2f15bfc24a2f168054e3aee41e8c2bc641a6cc51d0e3a597317e35b76bd96f3458f246d4a3f5e9e55dc4b1e9661132d82358f7547ad5b7134a772f3a1d2caa140d46f90c49ebadd449fbd8577315f3d7b73daf41341b10330467512c8c5c302aab89b126ebaa95e23678c864e82a6e2b52f660f68a89a21f164183af91af4923461d082ac78836cfd15876557c82d4f1ec97c7912fadce11476e2cc6c2b5a38ddee549fac20f8117dda7afd79534d3319257ce46373438d5f98ab5ec0575d73bf1a54b8516259be4ae2c7cd4587644d2d845f1a38c5ceaf2b6351cc40d2ecca8726ec00ad73e5b54914007e236ea74a9c4b41de6d37f5948b8f2d4718bb903444bd04dc0f39af0b5aa463d567ed315c2ec16f7e8ab276ae6e4dad7c2d9522f30e0fe8356e07f207d215bdfb97f72b7387a898dbf98b42ae33180e75624b0241d04e185fa6e0f55062a186615c5d5811704816048a91a7915c369327884eab5f28c2e36c715045789b75075a175caf3dce3a15705541e4e9a8c6e3530602190936ecb0d1ab9f2bf9e8412831ee06a5395832b14d26dd5e9ab1c0f2b63714cbd399cf0ac05870b5618d5bce28f3390af1f6b3342e7bf63757f92eb930ebad5293ecd9cf7a5841936ce7e5c39a792e284bba453031b2eef6e7c5809e9d38af96b73ed056b7fdaeccf1d4e3b4e3a94d200400a09058e1a80c2f426d25ed637f558e42de5345482b62ecd7e44e070ad8ed8f7f70cfbb941192b7623bf9053ed770d22ac4e010145988c86790eaa80aeede490152b0106d238f516fdda819ac5b6c934ce14dd6e158800f4136a8e3d5790ae43138f553b142558e1f557c32f5da991c588071034e16c30add72fa93c3f8495f87650a9235839c6e74dec42e55ba46cbc45643629752b9d980e54c74dbc2dc29247059232b7f3ad411cf208a3d61d81c8aa62748be3e6a59630fb9dc80554a960355c0d401e16adbce9668e264123624847bab06bf5d4db67ce09193c97ba9f28a5643da5058020152c3b22e73a0c703c472352ed6336976c7f15b73c74e52a8f43501b68db713b0059060a9cf531c2beba63b861ff006bb73a611d124bc7c95a1c88e11dddbc7d98c758f58f49abdf03855f2e06b1ccd5c9ab56031cc1e8a6b8b85b6599272a7988512cc52248c5c8b03ae5f78545e28610b12b191ebb0ed3229e0cdccd36d9dc48aacfb9d8b8b76c01a6488fcab59ad4d663adada6d7070e4473a0c98b6b02c38691716eb344e0093950b6670a8f0e27cfa4d4ff00f97fedad6f7ee5fdcadcf2f0d387f316ac30a37c46746eba8b0b29bd88b1bd5a60cc8ed6700d858e1c8e54c43d844fa25d42c531b6a6b66bd34f032ac4aa8ab89fa9636ecc8c6f76046200c0d36336eb70ddfdc0658fa308ac70a4f18b348b63e20361269ee975233e17ad473376c381abd80186232156e3ce89bdce746c2c4f1ab71391a22c1803870f2d13c79533ed667dbb377b41c08e4cbdd3e5a8f6fbe83c3f04b149f68028bbdae5e138365c08abed268b7c08ed229d330eb85fb47c97a31480a37f0dc153e636a10c7de959507124b1d3efd4ee97116dd576f1f2d318b61e526a3613f873a93e0c6e81a2360716279835119208609919beb61b5cb26775e15bf372cd0ed586b3f1a56517c2a159039056e590db01d22a2501d9c58b0125d52c6f8dcd8d4840ba15c1c1071febadc5b8ac07cf12d4910255da3176180c6e076b9d4f1cf22a6ecb0530b302da506942bcee31c2b7361fbb8e5e58c720bfa1aa2918033aa698c93d9d4f6ced400976ed1e11398e3ed8f54f49a7dbc80a92ac01b768e93d9623a4543bc182eea152dcbc58ef1b8f40ab139f0a0ee1608ce3e2cec2304746ac4f9284db4d7bb9e3be97fb28711cb16615e1bbe884e3e0443c3887e6ae7e5ac301f92f7cb8d5b3f72b1ebae558f9aad445810d810dd191c294ca47831d900eead89eca2db20cd86ae79d082055f0542fd55f1040beb565c51d4e07a6b42b6a5625e40e35282476a4e836398ce8c88a34b388d4b77b05d4dd02f85165ec9b8cbfae8b0f2d72b7b950e1eb71ea3530ff00c39fa695bcfb97f72a7b0b5a25fa6b56ca8827039d5ed44038f0afc411aa3dc5fc516e120d32a9e5cc545b592c66daea8e39bd59207178fcd7f3501a4f66f63eaf9f950d390c09e04f1b7455f21f90d8db8792ac48cb8f1ab616ab67723123950b13626afcf0b9ac0e16b572a04e631078f90d0864906e215ca3dca8980ea63db1e4350cfb9d94a8f03ebff6f26b436cbb12e3fad4576fb989cb92c526bc2e4925bd7ecdf1f8d5a377b6934661a33a875868c9a0b19118161da18e7c4f1adfb86bacb3c10c646561790fa2b4e04656cf0a56444591482c7100adf11d9a2aa02aa8b00061537ddc06dfdd2d1d0da18f1001f38351ef2705e588580bd94e9eedc74508d6d79619a3f2b2122dfa351895c03a2eca71cf1a5922dbc923a62a501d37e78615aa57876e393b86737f929a8d2edcc536e1a395e58dc5a2401c0baf6b53678e544ed563db03f1175c9fe24973e6af1256691cfaee4b37a6b81e9142c6b2acf2f4d1c458d0e22b9f3ac6ae0e398aeae3ceac98b1e038d49b6909ecfd93a8d5d96b0963b1e6311c98539c6cc4dd9b1638e6dd34e01fad9f492a0e3e103fda3e8a4897204b9b7c6387a00ae64d5edd049af76a0bfc717a9bff002c7e9a56f3ee5fe89adc7dd0fa6b57ac4f0cba2b0bf4d0e9f76bcf7b7bf4b1ca0955fb365b6a507d5c731d15652cd8e3a8587bf588ab8cc70ab9c2e6b0f4d748ae045eacc30b757a6ae7cd441f25a8fba2af7ca858e18d71c7dc157e742fd7e6ad5131471c50943fab6a03f145d782cc1651fae0d781243b678f58934f8650eb034eabc6e38576f6400fe5cecbe870d42f06e54f44a8deea8ac177430c6e6323dea324714e85911581f0cf717403dec2f43eae723e746bf0d02b03d80c034a075df4252c91470a488c594b1790dec45ec580c8d7624486f7fb18d10e3d3626b54f33cb8e3adc91e6cab0005eb315d35c32b575570ac2ae48c2b1c6fc68df3e77acfd3471febac4e16171c6b1b574d58d8796b0551d649f41a259831cc9be66b0388c73e159e3c6b023cf58118e75b7c412645e3d352ffe5dff00d48eb77f72ff0044d11a164122e960d7b5ae1bd523955ff0e9e467b7d2ac76b19b73693afe3561b48b1f9527ed5586de3bfce93f6aaff878cf5b3fed57fc48bf4a4fdbaff8d181d05ff6ebec23e59bfedd1bede2fd7fdba16dac387cff00dbac76b003d4ff00b75ff1e2fd6fdbafb0845fa1bf6ebec20f2a9fdaa16dbedf0f907d3daafb080039760fed57d8c22ff27feaab8860c0f14ffaabec76ff00e1ff00d55f650e02c3b1cbf3aac6286ff307c3584705f0ce3539796becb6ff00e18f86b18e1ff0d681090e1ce35a0a22dbf9625bfbb5dc807546b42cb17f86b42cb09b7f2d6bbb0ff86b5dd8bf416b0588f5c69cef5dd86df7495945e48d68d962c79c6bd7562b10ea8928e1165fc24e3582c44f4c4957d310bff2928e11e3fcb4ab811dfee90fbd56d31ff849f055caa61ca351ef55c04b9fe52fc158aa7f84bf05643a2d12fc146cab7fba5e3f9b5dd16e8897f66afa7fca5fd9aeee7fca5fd9ab05ff002973cfe2d646fd10afec5775b97d92fecd608c3fb95fd9ac15adf72bfb14d74726d707c11fb15a844e0822cde08f79699a489d14eddc1665205f5a1e34fe369f0b49f135db4e9b63aaf85a87fc0e8fb1affe3ffc9ac7ff004fff0026bff8ff00f26bff008fff0026b1ff00d3ff00c9affe3ffc9aff00e3ff00c9affe3edfdcd7ff001ffe4d7ff1ff00e4d7fd87f935ff00c7ff00935ff61fe4d61f81ff0026b1fc0ff935ff0063fe4d61f81ff26bfecbfcaac7f05fe5561f82ff002ab0fc1dbfbaaed7e0edd3e157fd97f955ff0069fe5d63f84ff2ebfecffcaac3f09fe5d7fdb7f9758fe16ffddd61f86ff2ebfedff52b1fc3fea57fdbfea5767c0f268afdc7ea561e07ea561e0fead7eebf56bf77fab5fbbfd5ac347a2bd4f457abe8af57d15eafa2b87ffcbfffd9, 53422, 'trivpursboard_t.jpg', 'image/jpeg'),
(3, 0x89504e470d0a1a0a0000000d4948445200000020000000200806000000737a7af4000000017352474200aece1ce90000000467414d410000b18f0bfc6105000000097048597300000ec300000ec301c76fa8640000001974455874536f667477617265005061696e742e4e45542076332e352e343e8dcc760000051a494441545847a5575d4c5367183ec210ccae4c74d1485a5a654c37753f2ece846dd10b3513428644e376b11bc54b93c545b264bbe0629a7544cac6e04269a120dab2503286405b4a49078584f6f4cf510e94f46e37662cd9a8646eefbef73be794d372feba9110d272ce799eeffd799ee7304cc10f7bf76ebdb7eec266a8c3fa39b7ba6a2cfc7fb19f13f7ef19bd757599604bcb608ae34ea9de1ff9c6d230565b9b1d3f7410464ebc05330303e9c49327878b0515af8f757e679a387f2efd189ff7ea1198b258b211966d907d5ed8f275c3d8bbb51b739595b0595a0a8bfbf7839b27f1948dc7cdc592887658cd93e7cfad4c9a4df0475919aceede0d6e42c273fbf6463812c92711b1909353f003f057490900c3c0df3b761012fbc0fdf609f0dbed5cb40812ecb7149cf320f8ce32fa3cfc451258092411114960cfb1ec5270f1863c12bdbd2b848449ab12b1aeefb1ec2b3cf8ce1c383ef31f29893b77b2d158ac9e99bd712333f272353cddb52befe27c127c3ba61d8e742c9130289148d86c06ec392d7b01b8f83cacf094a90a86de390941bf7f938984429ffcf8f1478083b25e5eae4ee2cd37c0dfdf9f89cb90483afa103c23f65c0494fe4570acf4c0f163f0d5cd9be0f3f980e196978d81a9a9b4abe9a27e120ec75a2299acc94d7b575715e9f91a82ff49064e19bc12fa09784b7333d8ed760887c336fa8c68346af24d4cacb89a9af491c0ed78f0607d29953a1b6e6f3763cfd5c09f0b27a7e0d7ae418fcd06737373f713894469ae9d8484d93b3ece89247ed76a07d90e9fd59a1dafaffb556ee0c42af0e0c2c909b88d80cfcecede23e065db660949f095e0dba14562f8951a500397f69c9ebca747195c6443db3139997635366a9248eeddab38ed62d9078e1d855b02b850f617b4569989c562069fc793716a90901b36fc4e0e3c140ad948d94b34c1c50be2f1389258735d54df8e42127cd92be9aae1c9b1e708ae1b587a2169479574269474422a32e2c0ddba7a95f65c28bbfe9317325d5a5a3aeb71b9b2c3475f83198381caa952e951eb71305b2f7c001d1d1d303f3f9fe438eec5ff747af1a6b0b5ddbcb56af2225328dbced78fc3c3b63660a3d1d6ff051eebee4685e32d5541db0babf15c70d161225681c1c16752c52c8a4cb28f6a3b9557f473a5b2cb7dcfbba86060fd8eb5d4f2f2c9a2c013769b819c9c1a8b9ab687495ed0122b3731b06962606a2e9a474ef0736aa95ac68203a7d745d1ca35f384344629814bb5fd53a211dda74f6b2aa6d80e3f0935c4c06a65db21800b312a3fc9e41bcb016aa9b8e7b86a7d64d71f367ea88f8410efb665cc2849af5ad39e3316d4f666de5870cf59966df57bbdcff4199890317bed5bf10e733b01578d514ac6228a0cd1f81a2adbe81d07955d945f51b21d5809475f3a9e4c1a99e92b577ec64cf85b4585ecaae5c0056dc793cb198be01d192d174512fe2a230c934c189a99c930e1d1d1cf46ce9c8180d140df07e4321cedb960a96ac6425d14ad5c21dea18cffb2670f0c1d390c6dd7af83c7eb0526954a9df2baddd9a1f7dfa35a2f92105d2d17a3741a8b52bc93827f79e912747676c2c2c2428c6e04be243c7ef46883922095c015c4f42acd70428cd20e137cc624c96a2bdead5794e74efe0501b792ed0904022c999d97722b89af4b6302899faa0f513f6f11a65d31c3a9e8ab34de8d5657c30fa4ec52703233fbb6dd4e2be174669dc44e31b7637416fc7c7b80d421eeb97877f932e979332d3b9e5c165c9209eb83c1e026be342c2e2e628cda8ace3a400b2f21604632b8198fc7437b9e577672f1bff80b2eefc344e7cb0000000049454e44ae426082, 1450, 'redx.png', 'image/png'),
(4, 0xd0cf11e0a1b11ae1000000000000000000000000000000003e000300feff0900060000000000000000000000010000006100000000000000001000006300000001000000feffffff0000000060000000ffffffffffffffffffffffffffffffffffffffffffffffffffffffffffffffffffffffffffffffffffffffffffffffffffffffffffffffffffffffffffffffffffffffffffffffffffffffffffffffffffffffffffffffffffffffffffffffffffffffffffffffffffffffffffffffffffffffffffffffffffffffffffffffffffffffffffffffffffffffffffffffffffffffffffffffffffffffffffffffffffffffffffffffffffffffffffffffffffffffffffffffffffffffffffffffffffffffffffffffffffffffffffffffffffffffffffffffffffffffffffffffffffffffffffffffffffffffffffffffffffffffffffffffffffffffffffffffffffffffffffffffffffffffffffffffffffffffffffffffffffffffffffffffffffffffffffffffffffffffffffffffffffffffffffffffffffffffffffffffffffffffffffffffffffffffffffffffffffffffffffffffffffffffffffffffffffffffffffffffffffffffffffffffffffffffffffffffffffffffffffffffffffffffffffffffffffffffffffffffffffffffffffffffffffffffffffffffffffffffffffffffffffffffffffffffffeca5c100256006040000f812bf000000000000100000000000060000080800000e00626a626aaef5aef5000000000000000000000000000000000000090416003b100000cc9f0000cc9f00000800000000000000000000000000000000000000000000000000000000000000ffff0f000000000000000000ffff0f000000000000000000ffff0f0000000000000000000000000000000000a40000000000a403000000000000a4030000a403000000000000a403000000000000a403000000000000a403000000000000a4030000140000000000000000000000b803000000000000dc03000000000000dc03000000000000dc03000000000000dc0300000c000000e80300000c000000b803000000000000e5040000f6000000000400000000000000040000000000000004000000000000000400000000000000040000000000000004000000000000000400000000000000040000000000006404000002000000660400000000000066040000000000006604000000000000660400000000000066040000000000006604000024000000db0500006802000043080000800000008a0400001500000000000000000000000000000000000000a40300000000000000040000000000000000000000000000000000000000000000040000000000000004000000000000000400000000000000040000000000008a040000000000000000000000000000a403000000000000a4030000000000000004000000000000000000000000000000040000000000009f040000160000003404000000000000340400000000000034040000000000000004000010000000a4030000000000000004000000000000a4030000000000000004000000000000640400000000000000000000000000003404000000000000000000000000000000000000000000000000000000000000000000000000000000000000000000000000000000000000000400000000000064040000000000000000000000000000340400000000000000000000000000003404000000000000a403000000000000a403000000000000000000000000000000000000000000000000000000000000000000000000000000000000000000000000000000000000000000000000000034040000000000000004000000000000f40300000c00000020f89bd760d0c8010000000000000000dc03000000000000100400000a000000340400000000000000000000000000006404000000000000b504000030000000e5040000000000003404000000000000c3080000000000001a04000010000000c3080000000000003404000000000000000000000000000000000000000000000000000000000000000000000000000000000000000000000000000000000000000000000000000000000000000000000000000000000000c3080000000000000000000000000000a40300000000000034040000300000000004000000000000000400000000000034040000000000000004000000000000000400000000000000000000000000000000000000000000000000000000000000000000000000000004000000000000000400000000000000040000000000008a040000000000008a0400000000000000000000000000000000000000000000000000000000000000000000000000002a0400000a0000000000000000000000000000000000000000000000000000000000000000000000000400000000000000040000000000000004000000000000e50400000000000000040000000000000004000000000000000400000000000000040000000000000000000000000000b803000000000000b803000000000000b803000024000000dc03000000000000b803000000000000b803000000000000b803000000000000dc03000000000000b803000000000000b803000000000000b803000000000000a403000000000000a403000000000000a403000000000000a403000000000000a403000000000000a403000000000000ffffffff0000000002000c0100000000000000000000000000000000000000000000000000000000000000000000000000000000000000000000000000000000000000000000000000000000000000000000000000000000000000000000000000000000000000000000000000000000000000000000000000000000000000000000000000000000000000000000000000000000000000000000000000000000000000000000000000000000000000000000000000000000000000000000000000000000000000000000000000000000000000000000000000000000000000000000000000000000000000000000000000000000000000000000000000000000000000000000000000000000000000000000000000000000000000000000000000000000000000000000000000000000000000000000000000000000000000000000000000000000000000000000000000000000000000000000000000000000000000000000000000000000000000000000000000000000000000000000000000000000000000000000000000000000000000000000000000000000000000000000000000000000000000000000000000000000000000000000000000000000000000000000000000000000000000000000000000000000000000000000000000000000000000000000000000000000000000000000000000000000000000000000000000000000000000000000000000000000000000000000000000000000000000000000000000000000000000000000000000000000000000000000000000000000000000000000000000004f6c796d7069010d00000000000000000000000000000000000000000000000000000000000000000000000000000000000000000000000000000000000000000000000000000000000000000000000000000000000000000000000000000000000000000000000000000000000000000000000000000000000000000000000000000000000000000000000000000000000000000000000000000000000000000000000000000000000000000000000000000000000000000000000000000000000000000000000000000000000000000000000000000000000000000000000000000000000000000000000000000000000000000000000000000000000000000000000000000000000000000000000000000000000000000000000000000000000000000000000000000000000000000000000000000000000000000000000000000000000000000000000000000000000000000000000000000000000000000000000000000000000000000000000000000000000000000000000000000000000000000000000000000000000000000000000000000000000000000000000000000000000000000000000000000000000000000000000000000000000000000000000000000000000000000000000000000000000000000000000000000000000000000000000000000000000000000000000000000000000000000000000000060000060800000708000008080000f1e9e500000000000000000000000000000000000000000000000000000000000000000000000000000000000000000000000000000000000000000000000000000000000000000000000000000000000000000000000000000000000000000000000000000000000000000000000000000000000000000000000000000000000000000000000000000000000000000000000000000000000000000000000000000000000000000000000000000000000000000000000000000000000000000000000000000000000000000000000000000000000000000000000000000000000000000000000000000000000000000000000000000000000000000000000000000000000000000000000000000000000000000000000000000000000000000000000000000000000000000000000000000000000000000000000000000000000000000000000000000000000000000000000000000000000000000000000000000000000000000000000000000000000000000000000000000000000000000000000000000000000000000000000000000000000000000000000000000000000000000000000000000000000000000000000000000000000000061668be4a5600000f036a000000001668f810bf005508011b16689c2fc600422a01434a90004f4a0300514a030070680000000000030006000008080000fd00000000000000000000000000000000000000000000000000000000000000000000000000000000000000000000000000000000000000000000000000000000000000000000000000000000000000000000000000000000000000000000000000000000000000000000000000000000000000000000000000000000000000000000000000000000000000000000000000000000000000000000000000000000000000000000000000000000000000000000000000000000000000000000000000000000000000000000000000000000000000000000000000000000000000000000000000000000000000000000000000000000000000000000000000000000000000000000000000000000000000000000000000000000000000000000000000000000000000000000000000000000000000000000000000000000000000000000000000000000000000000000000000000000000000000000000000000000000000000000000000000000000000000000000000000000000000000000000000000000000000000000000000000000000000000000000000000000000000000000000000000000000000000000000000000000000000000000000000000000000000000000000000000000000000000000000000000000000000000000000000000000000000000000000000000000000001000000010006000008080000fe0000000000000000000000000000000000000000000000000000000000000000000000000000000000000000000000000000000000000000000000000000000000000000000000000000000000000000000000000000000000000000000000000000000000000000000000000000000000000000000000000000000000000000000000000000000000000000000000000000000000000000000000000000000000000000000000000000000000000000000000000000000000000000000000000000000000000000000000000000000000000000000000000000000000000000000000000000000000000000000000000000000000000000000000000000000000000000000000000000000000000000000000000000000000000000000000000000000000000000000000000000000000000000000000000000000000000000000000000000000000000000000000000000000000000000000000000000000000000000000000000000000000000000000000000000000000000000000000000000000000000000000000000000000000000000000000000000000000000000000000000000000000000000000000000000000000000000000000000000000000000000000000000000000000000000000000000000000000000000000000000000000000000000000000000000000000000002010101390026500900319068011d30023a70c76c1e001fb0c84120b0832e21b0a00522b0a005239005072490050725b0000017b0c50218b0c5020c90c402000000000000000000000000000000000000000000000000000000000000000000000000000000000000000000000000000000000000000000000000000000000000000000000000000000000000000000000000000000000000000000000000000000000000000000000000000000000000000000000000000000000000000000000000000000000000000000000000000000000000000000000000000000000000000000000000000000000000000000000000000000000000000000000000000000000000000000000000000000000000000000000000000000000000000000000000000000000000000000000000000000000000000000000000000000000000000000000000000000000000000000000000000000000000000000000000000000000000000000000000000000000000000000000000000000000000000000000000000000000000000000000000000000000000000000000000000000000000000000000000000000000000000000000000000000000000000000000000000000000000000000000000000000000000000000000000000000000000000000000000000000000000000000000000000000000000000000000000000000000000000000047d00004400640000000000000008000000000000000000000000008d43d9256b006a0000000000000000000000000000000000000000000000000000000000000000000f0004f03e000000b2040af00800000001040000000a000043000bf01a00000004410100000005c102000000060102000000ff01000008000000000010f00400000000000080620007f0727c000006066e0dfa4242d08157bfc69bf344cbcca0ff004e7c000001000000440000000000fd1c006e1ef0467c00006e0dfa4242d08157bfc69bf344cbcca0ff89504e470d0a1a0a0000000d494844520000048100000286080200000052811c14000000017352474200aece1ce9000000097048597300000ec400000ec401952b0e1b00007bda49444154785eeddd79981f5599e8f14e2fe9354b671542d8098b30d120094bb8810b09e28340c2380c03e2785159e551bc010546a30233900bfa2008511986c5e10105c272c161792457826c22194049101448c090a549d2e925bf74e7be6d61db74bafb57cba93ae73de7eb1f0e0e5567f9bca7fa57efa953a7866ddbb6ad82ff042c505af9ceda795fea7eeecf011bd07504104000010410400001048a13a82cae2a6a724f8004ccbd98d02204104000010410400001cf05c8c13c0ff010dd23010b37f6f41c010410400001041040c09e0039983d7bab35938059e5a772041040000104104000817005c8c1428c3d09588851a7cf082080000208208000026e089083b91187025b4102562036552180000208208000020820d05f801c2cac3141021656bce92d020820800002082080807b02e460eec524b7169180e5464bc10820800002082080000208c41520078b2ba5fd381230ed11a4fd082080000208208000027e089083f911c732bd20010b22cc741201041040000104104040830039988628656b230958363fce4600010410400001041040c0a4003998494d07cb2201733028340901041040000104104020640172309fa34f02e67374e91b020820800002082080804e0172309d718bd16a12b018481c820002082080000208208040d102e460458b17531f095831ced4820002082080000208208040520172b0a4620a8e27015310249a8800020820800002082010aac0b06ddbb685da773ffbddb6f4999699e7fad9377a8500020820800002082080807e019e83e98f619f1e908079154e3a83000208208000020820e0a30039983f512501f32796f404010410400001041040c05f0172304f624b02e64920e90602082080000208208080ef02e4603e449804cc8728d207041040000104104000813004c8c1d4c799044c7d08e900020820800002082080404802e460baa34d02a63b7eb41e010410400001041040203c017230c5312701531c3c9a8e00020820800002082010aa003998d6c89380698d1ced46000104104000010410085b801c4c65fc49c054868d4623800002082080000208205051410ea66f149080e98b192d4600010410400001041040e0af02e460cac6020998b280d15c04104000010410400001043e2c400ea669449080698a166d4500010410400001041040602001723035e382044c4da868280208208000020820800002830b9083e9181d24603ae2442b11400001041040000104102827400e564ec8817f4f02e64010680202082080000208208000026604c8c1cc38e6570a09587eb6948c0002082080000208208040f102e460c59b27a891042c0116872280000208208000020820a041801cccdd289180b91b1b5a8600020820800002082080405a0172b0b472399f4702963330c523800002082080000208206047801ccc8efbd0b59280b91815da84000208208000020820808009017230138a46cb200133ca49610820800002082080000208b825400ee6563c48c0dc8a07ad4100010410400001041040c0b400399869d10ce5918065c0e354041040000104104000010474089083b9122712305722413b1040000104104000010410c853801c2c4fddd8659380c5a6e2400410400001041040000104740b9083d98f1f0998fd18d00204104000010410400001048a1220072b4a7a907a48c02c0780ea11400001041040000104102856801cac58ef0fd7460266539fba1140000104104000010410b021400e6643fd2f75928059a3a7620410400001041040000104ec099083d9b12701b3e34ead0820800002082080000208d8162007b3100112300be8548900020820800002082080801b02e46045c78104ac6871ea4300010410400001041040c0250172b042a3b1e99e075a669e5b689554860002082080000208208000022e09908315178d96eb7eb2f1a46f17571f35218000020820800002082080807b02e46005c54412b0b62fdf5850655483000208208000020820800002ae0a908315111912b02294a90301041040000104104000010d02e460b94789042c77622a4000010410400001041040408f003958beb12201cbd797d21140000104104000010410d026400e9663c448c072c4a5680410400001041040000104740a9083e5153712b0bc6429170104104000010410400001cd02e460b9448f042c17560a450001041040000104104040bf003998f91892809937a54404104000010410400001047c112007331c491230c3a0148700020820800002082080805f02e46026e34902665293b21040000104104000010410f051801ccc585449c08c5152100208208000020820800002fe0a908399892d099819474a4100010410400001041040c077017230031126013380481108208000020820800002088421400e9635ce24605905391f01041040000104104000819004c8c132459b042c131f272380000208208000020820109e003958fa989380a5b7e34c0410400001041040000104421520074b197912b094709c860002082080000208208040d802e46069e24f0296468d73104000010410400001041040a0a2821c2cf12820014b4cc609082080000208208000020820f0570172b0646381042c991747238000020820800002082080c08705c8c1128c0812b004581c8a00020820800002082080000203099083c51d17246071a5380e010410400001041040000104061720078b353a48c062317110020820800002082080000208941320072b275451410256de8823104000010410400001041040209e003958192712b0780389a310400001041040000104104020960039d8504c2460b1061107218000020820800002082080406c0172b041a948c0628f220e44000104104000010410400081b802e460034b9180c51d411c870002082080000208208000024904c8c106d022014b3284381601041040000104104000010412089083f5c722014b307c3814010410400001041040000104120a90837d088c042ce1f8e1700410400001041040000104104826400ef6372f12b0646387a311400001041040000104104020b9c0b06ddbb6253fcbb733badbdbd77febaace850ff8d631fa830002082080000208208000028e099083554802b6f6fc4b4a3ff97f8e8586e6208000020820800002082080808702a1af452401f37050d32504104000010410400001041c16083a072301737864d2340410400001041040000104fc140837072301f37344d32b0410400001041040000104dc160834072301737b58d23a0410400001041040000104bc150831072301f37638d33104104000010410400001049c17082e072301737e4cd24004104000010410400001047c16082b072301f3792cd337041040000104104000010434080494839180691890b4110104104000010410400001cf0542c9c148c03c1fc8740f0104104000010410400001250241e46024604a4623cd4400010410400001041040c07f01ff73301230ff47313d4400010410400001041040408f80e7391809989ea1484b11400001041040000104100842c0e71c8c042c88214c2711400001041040000104105025e06d0e4602a66a1cd25804104000010410400001044211f0330723010b65fcd24f0410400001041040000104b4097898839180691b84b417010410400001041040008180047ccbc148c0021abc7415010410400001041040000185025ee56024600a47204d4600010410400001041040202c017f723012b0b0462ebd450001041040000104104040a7802739180998cee147ab1140000104104000010410084ec0871c8c042cb8614b871140000104104000010410502ba03e072301533bf668380208208000020820800002210ae8cec148c0421cb3f4190104104000010410400001cd028a73301230cd038fb6238000020820800002082010a880d61c8c042cd0014bb71140000104104000010410502ea032072301533eea683e0208208000020820800002e10ae8cbc148c0c21dadf41c0104104000010410400001fd02ca72301230fd438e1e208000020820800002082010b480a61c8c042ce8a14ae71140000104104000010410f042404d0e4602e6c578a3130820800002082080000208842ea0230723010b7d9cd27f04104000010410400001047c1150908375ad6f597bfe25a59ffc3f5fcce907020820800002082080000208842b306cdbb66d2ef7beb4f29db5f3bed4fddc9f5d6e246d4300010410400001041040000104620a38fd1c8c042c6614390c010410400001041040000104b408b89b839180691943b413010410400001041040000104e20b389a839180c50f21472280000208208000020820808022011773301230450388a6228000020820800002082080402201e7723012b044f1e360041040000104104000010410d025e0560e4602a66bf4d05a041040000104104000010410482ae0500e46029634781c8f000208208000020820800002ea045cc9c148c0d40d1d1a8c00020820800002082080000229049cc8c148c052448e5310400001041040000104104040a380fd1c8c044ce3b8a1cd082080000208208000020820904ec0720e4602962e6c9c850002082080000208208000024a056ce66024604a070dcd46000104104000010410400081d402d6723012b0d431e344041040000104104000010410d02b6027072301d33b6268390208208000020820800002086411b090839180650918e7228000020820800002082080806a81a273301230d5c385c623800002082080000208208040468142733012b08cd1e274041040000104104000010410d02e505c0e4602a67dacd07e041040000104104000010410c82e50500e4602963d5494800002082080000208208000021e081491839180793050e8020208208000020820800002081811c83d0723013312270a410001041040000104104000013f04f2cdc148c0fc1825f4020104104000010410400001044c09e498839180990a12e520800002082080000208208080370279e5602460de0c113a82000208208000020820800002060572c9c148c00c4688a2104000010410400001041040c02701f3391809984fe383be208000020820800002082080805901c339180998d9f0501a02082080000208208000020878266032072301f36c70d01d041040000104104000010410302e602c072301331e1b0a44000104104000010410400001ff04cce4602460fe8d0c7a84000208208000020820800002790818c8c148c0f2080c6522800002082080000208208080970259733012302f87059d420001041040000104104000819c0432e5601d2fbeb476de97ba9ffb734e8da35804104000010410400001041040c0338161dbb66d4bd7a5b6a5cfb4cc3c37ddb99c8500020820800002082080000208842990f23918095898c3855e238000020820800002082080404681343918095846744e47000104104000010410400081600512e7602460c18e153a8e000208208000020820800002d90592e5602460d9c5290101041040000104104000010442164890839180853c50e83b0208208000020820800002081811889b83918019e1a610041040000104104000010410085c20560e460216f828a1fb082080000208208000020820604aa07c0e460266ca9a7210400001041040000104104000813239180918430401041040000104104000010410302830540e460266109aa21040000104104000010410400001111834072301637c2080000208208000020820800002c60506cec148c08c4353200208208000020820800002082030f073301230460602082080000208208000020820909340ffe76024603941532c02082080000208208000020820d0ff39180918630201041040000104104000010410c855e06fcfc148c07285a670041040000104104000010410404004866ddbb64dfe0f0918a301812c02b5171edff35879f4c89a7df68ccaa9dd7fdfde028735d4d74cda317ef9dd1d1d5bdf5ed5f7f8ce977f1ffdcfadefacee7aabe75f75adf8e3d6c52fc52f932311d025507de2015553761bb0cda525cf753ff3aeaeeed05a04d40954ced8a166d641d2ec9a8fee5d39a251fea16ae2f8eaf1e37a3b523d7952655d5dfc7e9556bdb3adadbdf7f8ad6bd676ad5e13fdcfcea75ff8e01faeba3f7e811c89806a819e1c8c044c7508697c9102355f9c55bddb6449b42a9b1a6b76dd396972954753b7bcf6ba145bfad35bddad9b4baffea1fbfd8ddca1e6e14c99a604a2098bda83a7c97f47d75154f2f0bdf6485d45df698bde1bbbde090bae88d4b09c188240946b55ed3ca97ac78935bbef52d9d09034b932aed4b5bea56bddfaeeb6b6d21b6f46195a77cb86d28f9718af880211b028306cf3934fb7cc3cd7620ba81a01670524e3aa99ba9ffc2cc943adaab163aac6343bdbd4ed1b26b959f4032689d9d63fbecdaf97a2d879d35449b7faded865c9b2b29b447775518616cd567432e39e9d9512b4094419974c82440fb5ec5e9549f1a2ab58e61cb7befb5ee995e54caf2405e478a70486adac38d0a906d118042c0a4449d7f029bb0fdf6fef44ab072db6397ed59295453f5d9d4f3e4b4a16df8d23e30b48d225cb966aa7ee57356eac8a2b287a80d67b4b4756163fd61ca945a037e992675c359377d23599581639caca64b9be4cac949e5dc612fdb2621ce08e0039983bb1a0257604e4ae516604e54997f5d51705f73f4ac93a9f5fc6ef56c1f23e5527b777b5271c55fb89a9de4c5bc82d5de9ed95f20059963f9192f9345683ea8bbc4e39fce899b51fdfbf6697c92a66434c4527ba7e3b97fd4e9e9271fd9a52a59c9c04c8c17282a558a7057af32e5dcb30f23395dfadce575774fef6e58edb16b3db417ecede945c7fc5693ee55d43c445761128bdf9b65c1a5b1e7b9229766f06b0971d910991bacf9e287957ed3e533c7bd8953a5e32d5288fc8984f490dc889b90a9083e5ca4be10e0944bf4ff533a70fdf7baf445b3939d487429a22379d5b7eb7bcfdb15f31895888b79a4aa29975b982eaa61ea0a6d1461bda3b55413e66d495c23209c812fac6cf1ce7cd83e84c16839f2cab8eb72c7fadfdc967b9787312a6d81402e46029d038459380dc38d6cdfd64c3518707b51ec348847a7fb4783866c45369215c4103064ef2b18edfbc284b79db2fbe5d696469b66a0179165d37eb90ba695399524c1ac7689e71f3cf1ee4bde8a4741c6f56801cccac27a5b922c08da3d948742c7b49661049c6ccaaba5c5aef73e3609f7ac58f4e747530bf1e5f8c23530b907aa5a6dbfec468268564cc202945251220074bc4c5c1ae0b907ae51d2192b1bc85ad972f4b9b9afef91f985f4f1108995f6f7bfc571df7fe8237c752e871ca1002a45eb90e0f92b15c79297c30017230c68627020dd79d1df29b2ac547b1eda9673a96fc9a8558c5cbe75463f4e0abe9c46359b59b5d98642cbb21258880cc2a369d737add811f638f8d62c6832463ad0f3ec2344a31dad4420ec618d02d10fd44d51f7e086be2ad04527eb1da962c6dbbf56e26feadf81ba9542ea286d34f6a3cf6682e22239e7d0b916dd9363ff2048b788dc37a5fa0cc2a36ce39829d7b6d055a567cb43df438938cb6fc03a9971c2c90407bd84d7ea29c0aaa3c166bbbefbfd84ad1a9a0946d8c645f23e69fd570e88cb247724046012e908c80819cceaca253818e26195baf5cc4275b9c8a8b378d2107f32694a17444564c355d7466c3acc3589be160c8e5176be31df7b49d7783836da3497d05c8beac8c8768a553db0f6fe796ce8abfcb95ca572b9bfe692e5be0b819239943d9b4f046967bb8191dbdad2207d31bbbe05a1edd35b25580fb81974ded373ffc1873876e468aeccb85b8f058cc852838d20659d3c17b988ec462e866c8d2e28d3ff929cb3d54044b4523c9c1548429f44672d7a871049089b916b5e81932ef7db91317d9baa375f1c33c3776272205b744b2af91a7cc634d47c1ec19ab934cacf5e70ff0aa5846464e170172308681d302645f4e872746e3c8c46220157188dced8d3ae35476dd28c23a611dbc739210cc87c3c9beb4479185f7da23e842fbc9c15c88026d184080eccba761412666319af2bdafd1f3cf6183358b21885335d7481c250f8e21fbf22088bd5d6075a24fd12cbe2fe460c59b53631901b22f5f87087799054756161f8efcee058db38f2cb85eaa4b2d20d748c70bcb78fb3f35a0cb27927db91c9d2c6d2313cba217f2b9e4602147dfb9be73cbe85c487268104b3872401da048d966adf9a22ff3aa4931dac66b611f36e3a4160be462b4885f58d5f249b10d0bae61efc4c2c03da8881ccc83207ad28591f72c60b7004f6219a31bb21bc1866b7fc2065331a8121fc25c466232274fe0b9b1936149d62859d6d17cd5a5ac044ea6a6f9e84df73ec89ec09a035868dbc9c10ae5a6b2010598230c7660c864ff860b2ee35b49060780bcfdd5fcadafd54cdad16099146551804ccc227e96aa990ac9a2a7fa5cb96637dcf453f63b551dc4621a4f0e568c33b50c2c207384a3165cc05729431e1ff273b5e9aefb5a3fb7306404537d6fba65fea8d34f36551ae5b823c05d9d3bb188d312b6218da3e4f731f29258cb8597b134d1ef2867ec1d395846404e4f2fc0e2c3f476de9d294b135bbe7d75e9c74bbceb59411d9249f7e64557309d5110b7a56a58c16b093e41b56c439a002b80436569e2c6790b02e8285d4c23400e96468d73320ac8e2c351e77f81e5521919fd3b9d95f4e962cafac3746e4acfe2d57f3703177d037dc4dce3dc6c1eadb22520db50b55cf9035e7eb6e5ef72bde4602e47c7c3b6b144dec3a01aed123f574939ebaf386df457cfe2e3cb49ddb41fcffcba5311e4ad66a7c2e16063363ffacb8dff720d2f3f3b181a8b4d2207b3881f5cd5fc4a0517f2b41de6fe32a69cbc76d27cee19310fe630cf0498b07021a04c2cba1005156de0825511a6221b490e56a476b875f12b156eecd3f69c37c4caca352fbdbee1d019650fe300bf05646962cb991733bf6e25cab20c78ecbf5dca57f8ace02bad941946a581cba3d9e46079a852e6870478598501915a60c3ad77b265e2807a2460a907957f27b26ba29598cab652bcfd65455e7ba532c3b8febc4bd832517b1cb3b7bfea820a3e23939d9112061590cdb2c75e7a41d5c81118219042a06eeafec3e71ed2f9db67b7ad6a4d71ba97a7c853e531fff707f5074df3b277742a85c0b0eaeafae9d3ea4e3d6acbdbcbbb5f7d2f45099c924840beaa32eeb19fd44f3f30d1591c8c40242077440d277eb27b87dad243cf6312b2003958c8d1cfb7efd19d62d331ff33df6a28dd7781ea8f4c6c98776c67cb5bdd2fbce97b5fcbf74f2eab71772faadd6bcff287724460025563c7c88d5dc594b15b163f1558d70bedaeec8233f6ff2ca81ed35c68ad54e69740346f523d67ea96577ecb0ca35fb14dd01b72b004581c1a5f40d61f8ebff97bc377db25fe291c89c0600295f5f58d9f3e66dbeea302bfb98c12303eeac095329880dcd8f1e838d7e131fa9185a33e778a38e75a0b850722503379a7ba638fd8b2e91d6618038978bf6e92838519f77c7b1dad3f94fbe67caba1f4c00402bfb924010b6cbca7efae3c3a6e3c6d5e57e396ad8fff77fa5238f3c302d1fac3ba8ffd1d30081814907589f5b36771b51a245554143998a2602968aadc268ebeebca11c71da3a0ad3451a180dc5c063b6b285756dd47f75518349a6c41a067a5d3e107571db6d796152fb3d2297b00e4c32ae3aefb57d61f6697a484ed05a2ab75d8d41d3bef7c029fa004c8c1820a77be9d9569c2b1b77c8fdbc47c95832f3d9a352c95d6762d5d1e0e06bb2086136b833d1dbec76ec1ce59186494951d63fef7b9ac3f34484a51db0bd4ee3b850da8421b18e460a1453caffef6bc0076d3354c13e6e54bb97d04e466a861f6ac705e0f9357501a8f98c910402085403467c1461d29e8a25364fa83951da9f538319140b4d0a3f38d97d9dd34919bde832bf5369d96bb23d070ddd9137e7475655d9d3b4da225de0b8c3afd64b93df2be9b727135ce3ed2fb6ed2c1fc04e42fb35c2c635fbc59d68ae7578b7f250bd78495f7f31974ff22eb728f64cba5f177dc2093da2e3792b69912e0399829c970cb9149fa91ff382fdcfed3737b023d9b4a9d7a54c7b34b7d7de3457e89c77df7ebf680a9d91f81e81b0fa58a0d412de24d1d3fb9f4c6fef00af6204d0dc889a90564a187ec03dc35be8aaf87a536d472e2b095157c64504bb05c6c27afa9b81895c0da545af5ceda93ceec7ee65dcffa2dd3f0139ff8198f973d0babf5ee6cbaf7c18df316586f86cb0de899fbb8f6722e3d97631442db36dc7a67ebe71686d0d360fb480e166ce8b3769c9db2b30a72be3981ee8e8eb5e75f52faf1127345da2f49d641310d6f3f0c3eb6a063d94b2d675eecdfb4859158c9eadf51679c4a0266049342320ab43df54ccb61e7662c84d39d15602da2b3a171ba6124604e8727bcc6f5eced3b7b56e77baf7bf3a54b59e2cb9788c21bc805f538e46f3c0c4d2c0958f3b967b005624103916aca09c87afbea39533bfefda17207f2ef550ab02787cab0d96d3409985d7f6a1f5040e6ad65f990dc4279e0537fc569ecc3e1411c5dee823c621d3dff1c975b587cdba204acf87aa9118121046457185913c1863a5e0e129e837919d61c3b250be527dc79237bd0e7484cd169057a9e864d9fa6fd55e69e398e455731139f7614705e2c01798b72dd3f9ee7eb6636b1083e7c109b4ba540e3946204e40b13b2677dfbd227b8608b012fac1672b0c2a87da88837957d88a2ef7dd09e868df9bf3fa8d96992ef51a27f36057cddc626b5a96c2ec527f852eb71620102a4610520175f056b118b37d75a230998d6c885d76e5950a4745162d32df3eba61e105ec4e87171022460fdacd9ddb7b8c1474d190464fdf0b8bb17b1283103a173a7f21cccb990b8d920123037e342ab0613d0f8344c7e5cc72cfc17562132aaf31320012301cb6f745172de02f2344cbef2d7d9f29637bb4fe52de678f9e4608e07c889e691803911061a9150405d1ac62ac48411e6f0640224602460c9460c47bb2750595fefd926c0ee1917d722d6221667adb4261230a581a3d922208b12e5557b1514b5171ecf2a44159152da4812b07e8193bf0cb2e39cd268d2ec9005a24d80e5de2c64043ffa4e0ee6471cf3ea852c8e6afed6d7f85a655ebe949bbf806cf2ae220d6bbee8cbf9635043a0022460fd022fef8bf2f987402f062fba4d1ae645182bc8c1fc88632ebde03b60b9b05268e1025b56bc51789dc92a94ad38aac634273b87a31188274002b67d02c677c0e28d1d8e7257a06bddfaaeff5ee16efb68590c0172b01848411e42021664d83dec74cbf537b59d7783cb1d936b6dc43f9ce0720b699b5e0112301230bda397960f26c075edc7d82007f3238ee67b31ea9a4b652354f3e5522202050ab89f800946d34567b2dcb7c041115055dca8f50bb6bc4233ea8c53031a0174d54701ae6b6fa24a0ee64d284d7684efa598d4a42c4b022a12307908d678ecd19684a8d667016ed4b64fc0642703e63b7c1ef401f48debdaa7209383f9144d337d919795d92dca0c25a5d813509180f110ccde00f1bc666ed4fa0598fda53c1ff161748febdab33893837916d0acdda9bfe2345e56ce8ac8f9b605b424603c04b33d52fcac9f1bb5ede33aeeee45acaef773b807d32bae6bff424d0ee65f4cd3f748d6ca8ffeea59e9cfe74c041c10d09280f110cc81c1e26113b851db3ea8b2ba9e04ccc3b11e5297b8aebd8c36399897614dd32999921ffb6f97b2563e8d1de73823a02801e3219833a3c69f8670a3b67d2ce5c30facaef7678807d913ae6b5fc34e0ee66b6413f76bec6ddfe70b4589d538c12501450998b0d57df644a63c5c1a3eeadbc28ddaf621acbdf0f851a79fac3eb474206001ae6b8f834f0ee6717013746df4230b87efb5478213381401c7047425608237f294798e11d21cc502dca86d1f3c79d43ce6db172a0e2a4d0f5e80ebdaef21400ee6777c63f54ef6e1689c7d64ac433908012705d42560323dcf6367278792ca4671a33660d8641f0e1e35ab1cd034fa2f025cd7de0f047230ef435ca683d5271ec03e1ca10f02e5fd5797808977c309c72857a7f9ae0870a3366024647107fb70b8324669477201aeebe466face2007d31733b32d1e731ddfac342b4a69850a684cc06489149b04143a4afcad8c1bb50163cbe20e7f877c103de3ba0e22cc1515e46081047ae06e32531874f8f5775e630226eab21b877e7b7a605f801bb50163c0e20efb4393166410e0bace80a7ec547230650133d85c660a0d625254f1024a133081aa9f39bd782e6af44c801bb5c102da7c151f59f16cb007d41daeeb8082cd73b0a082ddb7b3b21a8ad7c0828dbe071dd79b80c9a55737f5000f4240172c0a70a33618fec87b16b0c7afc59149d55904b8aeb3e8693c97e7601aa366a0cdcd8bae60c328038e146143406f02265a2c44b43164bcaa931bb5c1c259f3c55923e61ee755b0e94c30025cd7c184fa6f1d25070b30e8154db7cc67263ec4c07bd167d50998448085885e0c436b9de0466d307a79c2dcfcadaf590b0c1523904180eb3a039ee25387adac385071f3697a7201795f79fc1d37f0102cb91c67d817d09e8089e0a46dcfdb7774af05dd1d1d5bdf5ed5ddd6567ae34d695df7a6cda557960fd8cccad1236bf6d953fe55655363cdae3bcb3f84b3f68c1bb52146ae6c31c5872eddbbb269517901aeebf2469e1e410ee6696007efd6f815778673cb125c74bdeeb00709986c8433e61b5ff13a4a713bd7b5bea5f3d515a53ffc4972add292e7ba9f7937ee99031d27cf406a661d54b5f3a4e1537697c4ac7af224ffa699b8511b6284c847cfc75df9cd2c43887311b022c0756d85dd914ac9c11c094441cd905588a34e3fb9a0ca42ad269ad1dfba666dd7ea355bdf59ddf5d62a918879972977123d13fc7f9de9afdd7fdf610df57c69544c3c48c0a4174cd5cb0d47dbe3bfeab8f7175b17bf94eb5f0879e03ffce89992920ddf6f6f0fae206ed4861e2d1f59f768d598e65c471485cb20dcd6d6def9f2ef85a2f3e917e4bfbb5b36947ebca4ac8c5c8c55537693c36a3eba77e588c6aa89e3abc78ff372a2a42c45bf03b8ae938a79763c399867011daa3b32553cf1899ff9373d6c3d8432a35f7a7ba5aca1929fa598b956d236cbbbe6d5bb4d962558929505f8d3e5470226419fb0f27e0ff281a4a3578e976ba46dc9d2b65befce3bf51ab06df2a7aff684a3ea661d52bbcf148d77eadca80d3de4642f44b6e2487155963d65cb6baf97fef4d696156f9496fd2e4eae55b6c07e07448faf2531abd973d79a5d2687f6b791eb3ae980f1ef787230ff623a688fc6be78335b71988ab73cecea786159e76f5fdef2d893c5df564a4a563375bfda8fef5f376daaf749b5370998dc70ecf0f403a646a0967224fbda78c73d6de7dde04883e5daa99d39bde1a8c3b5dcf071a336f4c891804ef8d1d58e8c2e0f9a21e3ade3d917643eb1f3aafb0bee4e9492d51e3c4da61abd7f6382ebbae0d1e56675e4606ec6c57cab582e6fc4546e283b7ef3e2e69f3d98c7a460ba16aabba74cd44d6f1230e975682f83c93cc5a6bbee6bfddcc244112fec60591f5537f7938e2763dca8951d0fbce15c9628ce011dcb5e6a7ff2d98edb16677c33334e5d718ee97d76ede53c23d7759c3110c231e4602144b9a78f2c97cf12690753afedbba3e29e3251147c4ac0a4e341ad98925bba96332f76e47e6ee85127174ec3e92735cc3accb5658adca895fd73d170ddd9cde79e51f6300e184c40561b6e7ee4097752af01db29b357b290d89b648ceb9aebb157801c2c88c110d4cd9fd988caad64db438fb75f7cbbd962732dcdd97bca44bdf62c0193be873361bfe1d63b9d7dfc35c42094c5020d271cd370e88c440335a783b9512b0bcb1bce6589063bc0eefb99a99b2dc958c3a78e52fd4a05d775eae87b792239989761fd50a7f820588a1847af7b6d5a7863f1ef7aa568ed60a7c83d65d33fcdd5f88be55f022631daa1fd49ef5fde936e6a8f9ddcd9379c735ad371732c3e16e3462dce9f4176198da3d4ef18195aad8b1f76e7fdcc145d70e10a4dd16c3985eb3a9d9bc7679183791cdc0fbad6bcf47a47667655584bf6b5f9e1c75aaf5ca46219551c5249c29bce39bdfef043b42400da6fe2070c8a4461e2bd37c78997ea637c8a9d4cba37fdfda78bdf1b801bb53897402017541c8a98c7c8b2c38d3ff969f13b6dc46c5e8ac36c5da1299a4a02960ecdfbb3c8c13c0f315b71c40fb07fd957dfbecbdc61d34567361e7bb4e399984f37f17dfd43b81237ddfbe0c6790be25f712a8e947bfd11f3cf2a6c1a8b042ce6a80867656f4c90210ef32ffbeaf7a7d5fde51e5cd7d987b1972590837919d6bf758a1faa9801defce82f37fecb35de3cfb1aa2d7f216fba8334e753313f33501937078ff4ea6dce7ad99e2edf7df8b7998cc8d5acc3fd721cc68c4a418fa3079ef6bc3a25b74bdcf9caee305cf95246a24d77522aea00e2607f339dcec191527ba72efd872e165aadffb8ad34df79f89799c8009bef74b8257cffdbcf71751ae0f93b9518bff772cd86f9dc72772fccb10f13b92e848f952cbe8f9e714bf7e788846725d278a6068079383f91c71f6a31f3abaf22bf5fef76e0c618e704087e88672c4dce35cb806fc4ec044d8ef27d26d4f3dd372d8b92e0ca402da904726c68d5afcc031b758d64ad19721caf625c501f29874d4f95f70e123ec5cd729c217d429e460de869b1faaa1432b778d1b2eb82c84c587433bc8128e510b2eb0bb77a2f7099884c0ef4d11437808d6ef3a323885c18d5aa29f61e61687e00a7c62b1af8cf555f75cd789aeeb300f2607f336eefc500d165a7ea5b6979189c3e68bbe6c6533ee101230019fb4ed795fffd6c8adc67b3b1def6befca4e6164dcb1831bb5442387b9c521b8027ffcb5bd8c4c948cfcee058db38f4c34c68c1ccc756d84d1fb422abdef61981d940d00acdc4fbbaf2d6f7fad3ee233c1ae3f1c2c40b261f19fc7ce967ded0a8e602009983c6c2c18b6c8eada1eff5591d5395597bc02278b30e531a0fc6149d1306ed492a28d3c655ed25342385e2616e56fe9ba8f7d9e951d7dc32d1aefcf99ffde97be26175a91c380ebba486dd5759183a90edfc08d97b91fd982dcc38e65eed2865bef94addbf8951a0c5236164f7d3799223881246022533565b7143e5a4e29bdb25c4b53736aa76462f28765ed45df916de8e257c18d5a7cabe8487908c6dce2f6683d03e9fc4b547f7639e94848747ce9c74be441bdfcfa4ba69ae8c47407735da7730bf32c72300fe3de70ce696eee3c6ed15afef8ca1d52ebe7165a6c838aaaa3bbc9027eaec249c054c43d4b237dfaea6b460779981cf3dae1462d05350fc1b64793179bd79e74a6a419293c833a457efdd79c7276bae7d5f1a1b8aee35b71a408908379380c9a8e9be361af327449fe2cca1f5fee14e313463f57f9addf082d01abf9e8def1f13952b5805c3bb2da59ee8c87e805376a2942cc43b0edd124e197a5b0acec88399cf29e61e4ba8e19080eeb152007f36d30f043d52fa2f29ab24c137affe522e3e358c464fd461e6f88859680f5cc758d68341e200a745640ee89e5ce78b0b750b8514b17381e82f5758b5e006365478ab12468b274d3f80c23d7758a58700a39986f63801faabe1195d9685e53ce32c4e50d31b9954cf496cbd0d505988065f1e75cbd0203be85c28d5aba8032b7d82f01e305b07403293a2bba36373ffacb2c85f43d97ebda946468e590837915717ea8fa2560e17c3736bf71dcf373f5a9d3e57162f62a48c0b21bba5682f1e964d73a98b13dd1d2c4e8f2e1462d3566d389c7a63ed7b3137bde6d96c738bc009639aeb265e2fa7ffd7ef68d3ab8ae338722dc02c8c1bc8a7de39c23bcea4f86cec8ed3e095806bf0f9d2a6babe471a2bc7b90a54012b02c7ace9e5b33694767dbe648c3a2cb47eef6645134afeea4088a7cbd906116b945ef369380a51845039e225fa9c9f8e6330998a95884590e39983f71971faae17bede14f7f32f484dbfd0c78839e2a33faa9d725061e91dafdf7cd232294a94840eef648c0d2c5abe99fe6a63bd1b3b3a2db7dde6d361bd6e8cde774eb1249c0ccc622c0d2c8c1fc097ac309c7f8d3990c3d91c7357c292583df50a746eb12936eef1b780296532c2816811004e4fbe675537dfec479cc20f62c41e4396a4cace487c9ba44f99d4ab42e91042c393367f4172007f3644cc80f55c3a1333ce94c866ec8261c6c1595c1affca932972f1f108b3f6b480256de54f911f2045e790f68bebb024de79cee6ee38a6a59f40e18cf5173f596a95b418eb901150958aeb108a77072304f62dd70fa499ef42443372401e31db00c7e094e8d660dcb9e40025696c88303aa769ee4412fe8829b02f5871fe266c30a6b159b7014461d73a10709586111f1be2272304f42dc30eb304f7a92b61bb2408e042c2d5e9af364d6505e0f1b62f10609581a5685e7d47e7c7f85ada6c90a0464a7dfcaba3a050dcdb389ebbf75159b70e409fca1b2a3851e437c639d04acb05884501139980f51aebfe2b4aa31cd3ef4246d1fe4cfe2bacf7e25edd99c975240ee0c06db548a042ca5a9c2d3eaa64d55d86a9aac40802de9e50f69e755f72b08955f4d94f9dc01f7012601f32bcef67b430e663f06d95bd0f0a9a3b217a2b7047914b3fe3cd6cadb09a06c2a256f8af7dba58304cc4e302cd52a4f2ae47985a5caa9d65b0179c939f02de9e5690cfb4bd91adff26279bf5d3a48c06cc5c2e37ac9c1d407b772c60e816f1b254b35d8aed7e238eeb77883046cfb586c5db3d662800aa87ae429f30aa8852a8212087c370e56d75b1fedd12e1dd17a7b1230ebe1f0b201e460eac3da70ce69eafb90a1039bee7d90a51a19fc8c9d2a8b3724162460038276ad5e630cdac982642df4c87b1638d9341aa55520e4dd38e4be9fd5f52e0c5c596f2f69983c90e4c3002e84c3bf360c5b5971a07fbd0aaa471356de1fec820d992994d767830a379dd52820f9c988b9c7696c79a236cb1e2d6c1e90488c83071390979cc77ce32bc1faacbde83bcc2d061b7d3a1e8e00cfc174c7bae68bb3824dc09829d43d7669bd7702e3aebd5cfe2279d72d3a6441a06e56b85bd2b3b8c3c280a34a046c089083d950375767e367fc9f5c1f4cebfdefddc8372bcd0d254a4220ab806cce411a961591f32b2ae425e7864367842921ef1d6d9cb720ccbed36b0442132007d31df1ba033fa6bb03695bbff9d15fb65f7c7bdab3390f814205ba376d2eb43e7b95456958ed85c7db6b0235ab17a8fbec89eafb90aa03b2b8a3e5db57a73a95931040409f003998be98f5b65896fd84f959b0aef52d1bffe51ac591a3e98109945e591e4e8f7bd2b02bbfc9161de144dc784feb674e375ea68a02373ffc186f54aa88148d44c08800399811463b8504bb1071c3a25b58856867cc512b02f104640f929eed82783d2c1e1747f50a04fbb5155621721520109a003998e28887b910b163d94bac42543c6a836c7a77cb8600fb2ddb054df8d1d5cd4baf978fed06d87dba9c4e20d88588ac424c3760380b01bd02e4605a6317e64244592ebf6101ab10b50eda60db1df2fa22d95c61fc1d37c8d24479be11ec00a0e3f105c25c88286f3887fc5722fef0e048047c122007d31acdfa638fd4daf40ced96e5f25b17bf94a1004e450081a205e40d31599a38f1899ff14cac687a85f50ddf7b2f85adced464995be40de74c829c8c804e0172309d71aba8a89b3e4d6bd3d3b65bb6e268bd7251dab3390f019b02f23d719bd53b50b76462f24c6ce2bd378f7df166364e7420202e36413ecd2ce3c4c596e5d9a64d77ddc71bce79025336028e0a9083391a98a19b25ef5704f869e68d77dcc30f95caf14aa311e8235037f500d938f123eb1e6dba653eaf8a3134fa0ad47e626a68203d738b9f5b185aafe92f020888003998ca6130fce8992adb9da1d1f243d576de0d190ae054046c0a74befc7b9bd5bb57b77c5763d4e927478fc51aae3bdbbd06d2220b02016e3425738b16a0a91201041c102007732008c99b50fbf1fd939fa4fb0c7ea874c72ff8d66f7d6775f0060303c863b1e673cfd8a1fd49795b4c96a2a114ac803c140ded8b97cc2d063bdae938023c07d33a06eaa685b560831f2aad239576ff55a0ebad55600c2110bd2d36e61b5f21190b769c04b8be83b9c560473b1d47400486adac3810085d02b22bbd7c7547579b33b6b6e5fa9b588898d190d3ad0b4cdaf6bcf536286a806c16d7f1c2b2cedfbedc71db625e045514b8d44d9555a9f25034f5e9ea4e94b9c53f8f9dadaed9341801044c09b016d1946471e5d4ce9c5e5c650ed4c44330078240130c08c84836504a3045444fc67a96293efd80dc9db38187f7910f6d577a1e82793fa4e92002430b9083e91b21b553f7d3d7e80c2de6872a031ea73a24507a7ba543ad51d514793c126de03161e5fda31f59c8d6f6aaa217abb1b2be23a85de9995b8c352c380801af05c8c1f48537a8c9c29ef548b72dd617245a8cc076029dcb7e874a4601f92647e3ec23656bfbe8b531d95091dded33923a727a68eb3bda962c75449e662080802d0172305bf229eb0d6db2b0fd57bfe65590946385d31c1328bdb2dcb116296e4eef4a451e8e298e629fa687b6bea3f5ca457e048e5e2080406a01f6e4484d67e744792942d6e4d8a9db46adabe77e7eebe2976cd44c9d089817605b0ef3a67d4a94c7e65b96bf26cf1b3b9f7cb6f4e325b9d645e16605e49bdde16c4cdff6d4332d879d6b1690d21040409d00cfc19485ac66cf5d95b5384373b7bcf63a0958063f4e754e4086b4736df2a841f2702c7a734c768e957bfa68b162e58c1d3ceaa29f5d09edcb606df7fd979f81a45708209044801c2c899603c7d6ee33c5815614d484cd8f3c51504d5483402102edbf667bfa42a02b2ae4a14aefb68ad14e1e7c00ba20fae4d5d44c0fe88b97b21b47e755f72747e20c0410f04d801c4c53446542379cd51ab2ac886f82691a9db4358680ac918b71148718168876f2900f40cb5ad0f12bee1c79cf0279b1d6701d149741a0f61301e560ecc69161a4702a025e099083690a67cdac833435375b5be5f3acd90ae06c049c13909794f84a98dda80cdf6b8f11738f93c58ab2b3229f1db31b8bdeda6b76ddd9919614d08cb65bef2ea016aa400001f705c8c1dc8fd1df5a587bf0344dcdcdd6d68e25bfce56006723e0a240e7ab2b5c6c56786dea7d794c76568c5e1e93c58abc3c66652048626ca5dee22b2dad7a87979c8b67a74604dc14200773332e03b7aa66f75d343537435b652162fbc5b76728805311705480c905070313bd3c268b157778fa0159ac28dbcfb258b1b0300545ddf6f8af0a83a5220410705c801cccf1007da879359377d2d4dc0c6d652162063c4e755a402617648ac1e92686dd387926d377674576f2c87b3854ef3639ef2adc29bfe3de5fb8d3185a8200027605c8c1ecfa27ab3d9c0d397856906c6470b42a01a6185484abf7e198ece4216f8eb1cd7d4e51abd967cf9c4a76ad587917948588ae0585f6206051801ccc227eb2aa6b2f3c3ed9099a8feebcef71cdcda7ed080c25d0fa1f7701a44b403e3bd67cee19b2529164cc78e0c25963dff19b178deb51200208e81520075313bbaa9d27a9696bb686ca776cbb9f79375b199c8d80bb02ec8ee86e6ccab58c64ac9c50e27f5f356e6ce273749ed0fe182f83e98c1cad46201f0172b07c5c7328b57ac7893994ea62919d2fffdec566d12604cc09b43ef888b9c228c98200c9982974f97a9ba9a21c2f874f333b1e209a8740c102e4600583a7afae76ff7dd39faceacccea75f50d55e1a8b406281b61fb233476234374f8892b1894ffc2cdadddecd463adbaa70364594f51dce468186218080150172302bec692a1dd6509fe63485e73059a8306834399980acb665678e64646e1f2d5f1b8b76b7974f8d8d7e6461f58907b8dd5e575a57d93cca95a6e4dc0ed677e40c4cf108e81320075313b340166c3059a86644d2d06c029b16de98ad00ce76514076536c9c7da47cf759be33265b29bad84497da547bf034979a93635b58df91232e4523a053801c4c47dcc2995565b250c788a49599056497eab6a79ec95c0c05382a20df19ebd94ab1fd491e8b0d11a1caa64647e367ba59acef302d4a7908a8172007d311c2aa29bbe96868e656965efd43e6322800011d023c0ad311a70cad94358ad16331d9d43ea8ef8bc434abd975e79847aa3eacb4ea1dd5eda7f1082090870039581eaae6cbac1c3dd27ca14e96587a769993eda251089817e051987953574b94ad3bc65df9cd092bef678162df1005f29e73e9cdb75d1d98b40b0104ac09908359a34f5471cd3e7b263a5ee9c1dd1d1d7257aab4f1341b8114023c0a4b81a6f71479ad571628cabe1d23ef5950396307bd1d31d5f240de732efde14fa6c428070104bc112007f326943e7464ebdbab7ce8067d4020b6804c3a6cbaf7c1d88773a00f02b26fc788b9c7c976f664623e8433461f4aaf2c8f7114872080405802e4603ae21dc8c7c14a7f7a4b473c682502e6045aaf5cd4b5bec55c7994a443405e150b3c130be7e360a525cfe91894b41201040a1420072b109baaca0974b76e2e7708ff1e01df04e45b611b16dde25bafe84f3c819033b1703e0e26d778bce1c051082010900039988e60578d1da3a3a1d95ac91754b2f971b65681f68b6fef58c69b905ac397bdddbd9958503b7604b2d7141fbdcc7e815002025e0a9083e908abbc3fa0a3a1d95ad9ddb2215b019c8d8056810d0bae913d69b4b69e769b10904c2cdab123905dec43d96baaadcdc4e8a00c0410f04d801cccb788aaee4fe9c74b54b79fc623905a4036e778ff7b37a63e9d13bd11901937d9c57efc8a3bab4f3cc09b4e85dc91d21b6f86dc7dfa8e00028309908329181b816c61cc430005639126e629c08ac43c7595953d7caf3de4cbce6c9ca82c6c3417010410882d400e169bcade8135b30eb257797135b3317d71d6d4e4aa40cb9917b347a2abc1b1d02ed93871c243b7faba34b166f75d2c98165e25ef39174e4e8508e8102007d311275a8900022108c8fe69ebbe7e19cf84438875cc3e464b13c7be78b37f0b222a1b1a62227018020820e09f0039987f31d5daa3ad6bd66a6d3aed46c09c80bc15b9e1a69f9a2b8f927c10a89b7a807cd3b9fe8ad37ce84c607de85af1c7c07a4c77114020960039582c260e2a40a06bf59a026aa10a04dc17683bef86cd8ffed2fd76d2c2220564d7c431dff8cae84716faf740ac48c6e2eb92ed768aaf941a1140c07d017230f7635451b5f32405ada4890820604ee0fd39f3db9e7ac65c7994e48940e3ec23e50db19a2fcef2a43f74030104100855801c4c41e4ab779ca8a095341101048c0ab41c766e69d53b468ba4301f04e40db1093fbabae996f9da3b237b3f6aef02ed47000104520b9083a5a6e344041040205f81b5279d491a962fb1dad2479d7e72f3d2eb5997a83680341c0104421720070b7d04b8d37f36f0752716b4c41101d9269134cc915838d88c8643678cbb7b119f72763034bd4ddaf2daeb2e378fb6218080450172308bf8548d0002089411200d63880c21503369c7f177dcc0eb610c12041040409d003998ba90d1600410084b80342cac7827ecadec9738eedacb1bae3b3be1791c8e000208206053801ccca63e75238000027104a234ac63199b5cc7d10aee1849c39acf3d83342cb8c0d3610410d02c400ea6397ab41d0104821190346cddc73ecf86f5c1043c7147250d1b79cf82c4a7710202082080800d0172301bead489000208a412900deb37dc7a67aa5339c97f8111738f93cd12fdef273d44000104f40b9083e98f213d40008190045a3fb770ed45dfe9eee808a9d3f435ae806c96481a16172bffe38635d4e75f09352080804a0172309561f3b2d1b5074ff3b25f740a01e3029d57ddbfe694b3f9749871583f0a94346cf4230bfde88bf65ec8c695dabb40fb114020270172b09c602916010410c85160ebe29764970e5e0fcb915873d18db38f648b0ecd01a4ed0820e0bf003998ff31a6870820e0a580ecd221af87adffd7efb32ed1cbf866ec143b256604e47404104020570172b05c79291c010410c857a0fde2db655de296d75ecfb71a4a5728206998cb9f6f66ee40e198a2c90820604c801ccc18657e056d7d67757e85bb5372d5c4f1ee34869620a04840d625ae9972b2ec97c84dada2a815d354f97c73f58907145357d25ab6bebd2ae9291a8f77d65f23266d46c02701723005d1ec7a2b8c1faaf1e31404832622e0aa80ec97280fc4f88eb3abf1b1d32ef97cf398eb2eaf9cb1839deaa9b5a2a26aca6e3020800002db0b9083312a104000014f04e481987cc759de10eb5adfe24997e8466601d99a6fd43597662e860210400001044c0a908399d4a4ac2c02d5932765399d73114020129037c4defbd4e99bee7d90a5890c89484076ab679b445b83a1e6a37bdbaa9a7a1140c06501723097a31356db64cd4c581da6b708e426205b266e9cb7409626b2797d6ec6ca0a1e75c6a9aeedcfd1ddd6a60c3155732b4734a63a8f931040c073017230050196efb12a68a58926f2eeb20945ca40e00301599a289bd7afbde83bec9ac8989049aee66f7dcd2987d21b6f3ad59e9c1ac3765339c1522c02da05c8c1b447d0abf6f3eeb257e1a4336e08c8248eec9a4826e646346cb6425e0c1b79cf029b2d08b2ee6ab69b0a32ee741a81b202e460658938a03801d6cd17674d4d810990890516f081bb3b62ee712c37287824f0aa73c1e0548780160172301d912aad7a474743b3b59275f3d9fc381b81320264620c91e6ab5cd923b1f3e917420807af3a871065fa88400a0172b01468164ed9d6d66ea1d6c2abacdd7fdfc2eba442048213e8cdc4d8b123b8d857540cdf6b0ff6482c38eeb5171e5f708d54870002ee0b9083b91fa3805a5835764c40bda5ab085815904c4c76ec583df7f39b1ffd25bbd85b0d45d1958f3c659e0b5f6dee6ed95074cf2dd5c7327b4bf0548b80d302e4604e87a7b7719d2fff5e4743b3b5b26a4cb30b7706d93ac1d908681290bd13df9f337ff5119f69b9fe26beecac297219da2a7f699b2e3a334301664e2dfd788999829c2fa57a8709ceb79106228040d102e460458b53dfd00235b30e820801040a1690ef89b59d77c39fc7ce96ed1359a05830be95ea1a8f3d9a09afc2e46b76ddb9b0baa8080104b4089083e9885420ef2e4b306a0f9ea62324b412011f05a2058aef1efce90db7de19c856403e86b17c9f64a308171e8505f2e53a7907af7c4838020104021320070b2ce0ce77b766f75d9c6f230d44c07301792cd6fab985efed74fc7b5ffa1a6f8bf91a6c1e851519d99a2fce2ab23aea420001f705c8c1dc8f514f0b4b4b9ed3d1d0ccad1cbef75e99cba00004103023206fecc8db62efd6cf5cffafdf97358a6cdd6186d58d525c781416c8abce12f0da99d3dd083bad4000015704c8c15c89c4d0ed9069691d0dcddc4ab92de013a29915290001c302ed17dfdeb346f12fc958c7b2970c974e719604e45198a59a3fa8b67bd366bb0d28acf6daa9fb155617152180800a0172301561ea696420ebe6a5a7c38f9ea9262a341481c00424195bf7b1cfcb0b63b28fa224633c19531d7f99f3b2fbadb0d22bcb5503c66f3c4b3ce25b71240281089083a90974775b9b9ab6666b683d6b36b201723602790b44fb28f624632c53ccdb3ae7f29b4e3c36e71a862abe6bc51f2dd65e64d592eef24a5891e0d48580fb02e460eec7e8831696de78534d5bb33594f9c26c7e9c8d40a1027d9729ca061e7c64ac50fdcc95d54cdad1626e209fa7cbdc033505f04a989a50d150040a1120072b84d94425a557ff60a2180565305fa82048341181ed042419930d3ce42363b29ba26c6d1fcef269ed63a1e99fffc16217c21927bc126671985135020e0a9083391894819bb4f58f6fab696be686367ee6b8cc6550000208d81190dd14656bfb35534e96d7c6a20d157938662712f16aad9b3635de81b91cb575cdda5cca75afd0baa907f05d6cf7c2428b10b026400e668d3e69c5725b93f414bdc70fdf6f6fbd8da7e508201009c86b63d14ac5de87636ce3e1e0d890a507f5579c66ab615dabd7d8aabaf87a6b4f38aaf84aa9110104dc14200773332e03b7aab4ea1d4dcdcdd0567945811dea33f8712a02ce09440fc7a26d3cd65ef49d4df73e18ce2234e782b15d83ea661d62ab919d4fbf60abeae2ebb5e85c7c67a911010486162007d334424a6f06b41cb16eee2735c586b62280406c81ceabeedf386f812c565c35ec13b2585176f2086782293652a1075a5c8e585af25ca15db55a994567abfda67204101840801c4cd3b028fde14f9a9a9badad0d471d9ead00ce4600010502d14e1eefed747cf4f218f9989598c972c4da0b8fb752b52c580de72b73d63fc86625c4548a0002030a9083691a18e17cce52a26277c7644dc382b622e08540f4f258df7c8ccd3c8a0c6cfdd1d6a6bdb62c7fadc89edaad8b0f60daf5a77604dc1118b6b2e240775a434bca0a4cdaf67cd963bc394066c4e586cc9beed0110410482120af86caca64d9d75bbe1c288f115294c02971046439a83c8d8c73a4f16346deb360c4dc80f6c29547be32e3609c91021140409700cfc174c5ab22a8b726ea0fb7f69ab8b261417311f057403ee3db77330f162be6146a597a606be7f4a0b6e590f0359c636d17ca9c060fc52280400a0172b01468364fd9f2bbe536ab2fb66e96ce17eb4d6d08b82e209b79448b1557cffd7ccbf537b1d3bdd980d9da393da86d3924644dc7cd311b384a4300018d02e460caa2b665c51bca5a9cadb98d738ec85600672380808702f270acedbc1ba29deea39d3cf80c74f630d7ecb367f6425294200bf3825ae25135a6d9d60e2829a2c329082090930039584eb07915bbe5b127f32adac97287efb5071f0a733232340a015704a29d3ca2cf40cb67c782ba9b371b83dafdf7355b60fcd282faf28ab0349c704c7c1c8e4400012f05c8c1948555667f439bee1d31ff2c6541a2b908206043403e032d9f1d8b562a6eb8f54e92b1a441a89e3c29e929a68eeffcedcba68a52514ec3a133985e5411291a89407e02e460f9d9e65572e7ab2bf22adac972e5b7cad69be24e7ad02804102823106de341329674a0c82bb8b61283d096784868985e4c3a3e391e01cf04c8c1f40534b4f9428950d34567ea8b132d460001db027d933159a618da228214fc35d3a7a6382bfb29012ef1a89b3695e9c5ec23871210d02b400ea62f7601ce17361e7b34bf55fa462a2d46c01901b9c597658ad13b63f2e9e7ee8e0e679ae656436c6dcb210a1dbf79d12d8b9c5b234f1d995eccd998e211705a801ccce9f00cd838b99908ed3d077eabf40d535a8c809302f2ce58cb61e7ae3ee233b2b57d687f48e304a46ae2f83887e5714ce7f3cbf228d6e532995e74393ab40d81bc05c8c1f216cea5fca0be121609f25b95cb48a25004821490cdd0656b7b79612c7a2c16a4c1c09dae1e3fce9646e77d8fdbaada56bd4c2fda92a75e045c10200773210a89db10e07ca1fc568dfcee0589a53801010410185c207a2cf6eec19f96b7c558a0284e16b74694c478cb6baf87365a47cc3dced63e28a151d35f045c132007732d22b1da23dfc389759c5f0735ce3e92df2abf424a6f10704240eefee56d3159a0482626b35d1643d2feebe72dd66eab6a3648b4254fbd08d8152007b3eb9fbef68e652fa53f59ed99a316f0284c6df06838026e0bf4cdc4dc6e69beadb338d5d5f9e4b3f9f6cdc9d2e5fb2b355f9ce564d368140208e428400e96236eae45b707f95b5537f580da0b8fcf1596c211402064810f32b1b99f0f705d5c14f7aa29bbd91a00b23434ccef078c9e7f8e2d73ea4500015b02e460b6e4b3d6db71dbe2ac45e83cbff9a22feb6c38ad4600013502b2fdec9a2927afffd7eff39258c1310b6d87fa8877f85e7b345c7776c1d4548700027605c8c1ecfaa7af3dccd7977be668c7348fbc67417a38ce44000104e209c89bb76b4e393bb42dec6b3eba773c9e5c8edafcb3077329d7f942479d712a9fc1743e4a3410019302e46026350b2e2bccd7970559369262f57cc1832d5d7532b33b7ec59ddc58a4d3e32c1704e481986c611fd4fef595231a2dca07bb1c517643695e74854579aa8e2920bf68f2bbc673cb985c1c3684003998e2e1d171ef2f14b73e5bd39bbff5b56c057076ee02f213d57cee19b2c666dcdd8b48c372e7a6823c0564fffaa0d2b03c2dcb971de672447191179eebaf38ad3c1047d81390df32f94593df35f975230db317074f6a2607531c4899a00df6adf19a493bb222d1e5b12bd1919fa8a885122cd230978345dbe2089086c55132724cb0cb11456ff457cf62c6cac828caa310598023bf65f28b16154e1a96077250659283e90ef7e6479ed0dd810cad67456206bc7c4f6d5e7abd44a76f1da461f98a537a2102928685f66e5821aefd2b097639a240b022d1ca908b53694f0276ede5bd091869581c348e195a801c4cf708097677c4286c63ffed52a60c9d1ac1120e49c0e47337dbb78a34cca948d19874022ddfbe3add898aceaad97d17ebad0d7639a2c8cb8ac4a65be65b0f010de82b201fc591046cc02f98f3348ca1925a801c2c359d1327caee88617eac39d2973d12475d73a91391a0113283fb9785f2032660110f6958dec344de4fd8a1fd495e29c9cf591ed178ff62586543437e80314b6efde1ad318ff4f2b051a79fccbe53ee4456feae8ebbf29b032660512349c3dc0996ae969083e98ad700ad6d7be871f57dc8d001b9e367ca30839fb153fb2d941fac5cd23063e2db15146d8222370a63bef115de96cccf79d3c21bf32b9c92230179db39f0659facf270e45a901b8cde779b876812699823f1d2d50c72305df11aa0b5f2059baef52deabb91a1034c1966c03373ea800be549c3cce0c62b254ac07a8f95f7f1f82a403cb9c447911e24264b7542ebe287539de7c949b2ca63ec6ddff7a4336abb214bebe5062366f349c362427158af0039980f8321e4a5f351fc64a176f58907f8104b857de859a731c84279d2b062e2d92f018b2a95dd93273c742b2b9af20841dbe3bfcaa358caec2b206f3b777774846c2297f0e84716862c60b1ef1f7c046ca0779b8768156998c59069ac9a1c4c63d4fab739f0a5f3c2d1b3feeabacbd99fa3f8d11cadd31862a13c6958de411930018b2a95a9f4093fba9a8fd8180f41e995e5c6cba4c07e023d6f3bbfb02c7096c6d94772fd163f06644a37fa08588aaa49c352a0057b0a39980fa10ff94361bdf18b5e34f2219c7afa90689dc6f6dde2ddb0eca11e2201eb2d5cee092452cc5064d7ee2da1b4e43983a551d46002adff711738dcd3173c0664edc0f83b6ee8b7077da23610b2445c211f4c0ee649f45b7ffe80273dc9d00df9a329f79a190ae0d4b80272433f61e5fd436c8118b320d2b09850031e1627018b4e9448b12e310b75bf73e5118dc1d2286a3001d98532f09d39229951679ccaa2e2622e13f9a32a6b0752acece8d73cd2b062e2a5bd167230ed11fca0fdecccd17baf491a96f79896bb81894ffc2ccb3461df169286a58b57fc042c2a3f5a97c826a2e9b439cb9640e03b7344ec9212f47c1df88bb36c4521907ae5edbb385b20c6d4200d8b0915f261e460fe44bf6dc9527f3a93a12732e54f1a96c1afcca92976e028db18d2b0b244fd0e489a80f59e2e7b7cc97e896c6093143ca8e3b7ae59eb4e7fdbcebb21f09d3948c30a188dd10e1cf2f69dd9ba48c3cc7afa571a39983f316dbd7211bf55513849c3721ad6d13461f6751adb378f342c7ec85227605115f2a2b9bcedc0779ce3830f78a4c76be4ba56afc98863f6f4cd0f3f66b640a5a5f1342ca7c0c9034659aa9d6e078eb24d220d2b4b14f201e460fe449f5da4fac69234ccecc8962727f20298f169c2be8d240d8b13b28c0958ef9cba7cc779ec8b37b351471cf3018fd9d6d69efa5c4e4c2420d38b898ef7f860d230e3c18d5e0093a5dac64bee2d90342c3f5bed259383698fe087dabf69e18d5ef5275b67240de32e331be10767cb33938cfb44c56c0669d8d0504612b0de2aeaa61e20eff5f1402ce6e0ec7758d5d831e94ee4aca40232bdd8f6d43349cff2f5f8280d63c3faecf1951928796dc1e00b60433489342c7bbcbc2c811cccabb0ca26f5fc56f58da8dc65ca86f54cf66719e5b2fe509e99e4b1fe70c05691860d162cb30958544bcf87f5bef115de104b7181e43a719ea23d064fd9face6a83a519298ae9c5be8c72d9724f9f715c45eb0fb36fed1bbf19842cbe5538479283f9166b3ea8d22fa2724fcfaedce94679cfaf54ceeb0f8748c3d2b5d9d7b3f248c07aada237c4d83231fee0f17b5393aeb756c5a728e648a617b7778ebefb578cbf67b5c8dfbabcd71f0e28461ae6d940cade1d72b0ec866e95201f54d9f2daeb6eb5c9766b64c69ac51b498320bf523dbb214fda31e989468ee7536f7d19734dc0a28a64665db64c9494bbf6c2e38d44d0ef426aa64ff5bb830ef68ee9c5ed83228f71e421360b3de20f57993d1131f95b17ff14b347928699f5d45e1a3998f6080ed0fe8d3ff9a987bdcad6a568f1862cabcb564c1067f7fe4a15b6fe704056765589580a48c07afd7b16825ef94d995ce7ae6ee84bbd6ed6211eff2d282d79cec1de31bd386050e421360b3d620e5799589407fe39ed7f18b30d721869587c2bef8f2407f330c49d57ddcfa3b001e32adbfac94cbfdfeb88320e68477ea53e483f82ffd45b910958efc891ec57f6ea6069e2109752dd349f9f83c91e1819ff8ce4743ad38b03c2f2f9f5b2e3cd9189c5de764a1ac617b7cb462d8403c8c1fc8c32bf5583c55566faf938d28038f293102dd2b0fbf8ab5fdb427e1a6625018bfca3a5891f59f728bb266e7fb1485c9cba46ccfe86b9fcdd33995eec58f692d9fe7a535af4f9759e606f1f50a726167b9bd7b3d4ff8bb3bc197e74249dc0b0951507a63b93b31c17906dd9655740c71b69b179f25bde72e6c5cecef81629233fdb4d179d3962ee7145569aa82ed9edb3e5b073139da2fd608b09583f3a79a82e733a72fbab9dd454fb2535f578534409f79a29d6de96291b2379a031f1de9bcb1e16ec01dd1d1def7fefc6f68b6f0f56a06fc7e5edd651e77fc1d65bcd654320c15a7bfe25b2c8b6ec911ce0ab40d5051576deb9f715d49d7e95fefc46d33f9ee84e7b5c6b49f54726369e36af7b87dad243cfbbd6b622db23f7fa63affd6edd01fb155969d2ba6a26ef543d676ac7bf3f94f444a5c7bb938009a07c08ab61f6acba538feaaadfd2b574b9525253cd96d034cc3ad454690e96d3f1c2b28edb1e75b0615193ba5f7d4ffe14c81f04675b68b761c3aaabeb0f3f58aed62d6f2f172bbb8db158bbe4eaa36efad6a8ff756ad5c811169b3174d53dc19a3dabf3bdd7bb5f78d3d946d2b05c05c8c172e5b55938bf5565f57bfe024e9f263f57a58e3501fe119439c2b1772e6c3c6a963894b5b27e403869985309586fdca34c4c6e7fbbaa360778b1440ef2c458262c545c2fa92fd8f6a5cf6e59fc54ead30b3871ebfab7995e1cdab9e76a3df1939507eedc79e7130544c4a92ae4221df183ff3dfaebe70fdf6d57a71a36606348c3dc8f51ae2d2407cb95d772e1f25b257f88fdbe63c84e2c3f578d9f3e466e2eb7bcf2db6dab5ab317e87e09927d8db9f93b234e9eebf21ce1f68c21a4616e2660bdb19010c8c512ec33b171bfbca97ae204f72ff02c2d6cfdcf7b1c7fda29d38b5587ed357c8fddb274d3fb73e577bf76df298de77fa67be7a640d67a44d957f3e55f97651d8a6e7b48c3bcbf1887e820ef83791efd91f72c70f93d1fa7f46571f6e6871f6bbd7291c72f8949f635f20ba75adf9c374bdc3d7e37ccf104ac5fd4e4c5a1d69f3f10ce9b27b265bfec109365e8aa38f7dd833fedfe1f40b9db96ad3b3dde19c5ec50f1fe95cee895e6c6638fd63b247837ccec98d7521a39989648a56c27bf5549e17ccdc4e4febe71ce11aab3afde507a9986e94ac07a63d1b5bea5f5c147da7e78bbfb37ee49ff14f43d3e90044ca2f9e7b1b3b3401576ae6c7667f14bbb8575d360455e6662f2de57c3e927a9cebe7a434c1a6670b46b298a1c4c4ba4d2b753e9bd5dfa0e9b3853fe1acabbe99b16deb875b1eead90a309c286598779b6939b676998f68b34ba5e5affe32efff6f8922b68d4359786f0044cfe70ca6eb1eb3ef679137f418b28c3ef0d2a731294347be31df7b49d77434ee51756acace96838e118cf2e4cd2b0c2c68f231591833912887c9b219f0df1e30148be4c0395ae77c1957cd9a9e1534779fc7d026fd230ed0958dfeb46be2ed5baf8e18edb16fbf1584c3ee0d3fcadaf39bbb7b5f1bf879bee7d70e3bc05c68bcda940b90b1f77e537732adcef62a3e51e6db7dead6e92511e7cd5cdfd64d371733c9b55e46998df57dc60bd23070b22ee722731e1475707d1d57c3a29bf58edbffaf5e69f3de8fe34bfa45e75b30ea99b3655efcaf8f831f4200df32901eb1b3879a2d2fee4b3aa93b1005fa65d7bd177747d088ecf60c6ff6b39e09132c9b8f99127dcbf4e25f51a7ef44c6f96d30f1d359e86651cd58a4e27075314ac4c4d1dfdc8c2c6d947662a82932b2a642147c76f5e742d1993e552759f3db1f6e3fb07927af51d89aad3305f1330edc998c465e429f37c9d681fe20ff9aa619fd0f5675e6ecdc7df714308f34d79c7c5cd4913993eae9d39bde1a8c3c379161d059a342cef01ef48f9e4608e0422f766b0398759e2e80598cedfbebce5b127ad2ce79080d69e7054ed27a60edf6fefd07e9ffa8552691a164202d6375232e3defeebe73b9f7cd6d987c9d15c4698d997444ad691beb7d3f166ff4e16501a9b7398459661d0f1ec0b9d4fbf60eb89689477d54edd6ff8de7b859c5d9386991dd86e96460ee6665c726995ac521bf38dafe45274d885cac3b1d2db2b4b6fbc29bf5ba525cfe5f4268cccf8d64c9f5ab3cf9e35bbef229f690a70927e8851a62e0d0b2d01eb1b3bb95e3a5f5d21f317a565bf73241f0b6a05ef60d7d1e6477ff9fe9cf91aff964f58797fe0f35039454de64d4a7f7a6bcb8a3772bd54e5bdbeaa9d270d9fb27bcdae3bf3e27adf509286e534b0dd29961ccc9d5814d11256cf17a02c7f37b7bebd6aeb9ab55dabd76c7d6775d75bab7ae698e3e566320558d93c4a8e97dfa4ea1d27563635cacfd2b0867aee30ca064e511a167202d62f8ed1c5d2f9f2ef65fea26bc51f8b7ca41cbd6112e60ade01af26752f83f5f682179ecbfe793472803c22dbd6d62e57ab942617acfc7777cb8638d328f284b966d641511b6a0f9e26ff2d3389950d0dd5932785fca42b4e5048c3e228e93d861c4c6fecd2b49cd5f369d4384789808a348c046c88d114a56432f5deddba596ef262dee1c51c9e72a75ebddb649e240fc6a5ee65b0be1d0970039598c39ec3b40b9086698fe010ed2707f338b803778dd5f3c1853ca40e3b9e869180a51b8cb226aa67d2bdad4d56fc4625f43e61debec0cad12325d18afeffb5fbef2bff5d35760c6b778796d7f565b001fbc28ac474171767b92f401ae67e8cd2b5901c2c9d9beeb35891a83b7eb47e480167d330123046aeb3022dd7dfa4fdbbbdac48747674d1b0ec02a461d90d1d2ca1d2c136d1a4bc055acebc58aee7bc6ba17c04ac08341c3aa379e9f556aa1ea2521230d722427bfa0ac817a2b483c88b49f28d69edbda0fd080c28202fce8dbbf6729968c0c7270172309fa219b72fb271dffbdfbb31eed11c87803601d7d23012306d2328acf6ca52cf9c76732dd871e3bc05b26f44c195521d02c508908615e35c642de460456a3b5457fbc5b7cb922d871a445310302ae04e1a46026634b014665e60f3234f982fd45289ebcfbb84551e96eca9367701d2b0dc898bad801cac586f976adb70c1654c19ba1410da6258c085348c04cc7050292e07010f1622f6aac8e70d36dcf4d31c90281201270448c39c0883a1469083198254588c2c3e69f9f6d50a1b4e9311882b60370d23018b1b278eb327203b22fab110b197503617619587bd0145cdb90b9086e54e5c5405e46045493b598fbcc4bce1d63b9d6c1a8d42c08c80ad348c04cc4cfc28256781b6871ecfb9060bc5b3cac3023a551628401a5620768e55555d50b1638ec553b4f3025b163f553d676acde49d9c6f290d4420a5800c6f19e41dfffe50caf3939f460296dc8c332c0874ad6f79ff98f9162aceb9ca6dab5ab76c7aa77ef6ac61d5d5395745f108d81190b12d23bcf3bdd7bb5ff8e0ab8976da41ad1904780e9601cf97539932f42592f4635081229f8691803110b508b42d59aaa5a949dbd9b3ca8317c392aa71bc2a019e86a90ad7008de53998f6081a683f5386061029c27901791a5675d85e1db73d9a6b4b49c072e5a570b302eb3fff35f9fb6fb64c774a2b3df43cab3cdc09072dc943207a1ad6f1ca73ddafbe9747f99499ab00cfc172e55553b84c19f2c53035d1a2a169053a9f5f96f6d458e79180c562e220370464e30acf76e3d8deb5e5b073d9fed78de1462bf212e85ab7befbddb579954eb9790a9083e5a9abaa6cf962d8a67b1f54d5641a8b40028196eb6f92419ee084848792802504e370cb029b16de68b9058554bff6a433e5b5b742aaa212048a1690290619e1de4fa614cd5a547de46045496ba867e3bc056ce9ab2150b431b1802460b26375e2d3629f4002169b8a039d10903ff5f2292d279a927323e4f674ddd72fe3c3cd393353bc050112300be846ab240733caa9bf30f6e7d01f437ad05f80048c3181403f81b6fbfe2b1c1316db8713eb707a4a02e641acc9c13c08a2c92ec894212b374c8252966d011230db11a07ee704e4bbcc9d57ddef5cb3f26c90ac43963f0579d640d90814274002569c759e359183e5a9abb36c566ee88c1bad1e40405e71cc750962ed85c7379f7b06f408e812d8b0e01a5d0d36d25af953c0627b23921462574016d6ae3fef12de01b31b0523b593831961f4ad1059b9b1f6fc4b5840ef5b5c03eb8fdc6fc92b8eb9765a1e26705797ab30851b1708e74db0ede9649b442e58e3238a028b14901b33b93d0be465ce2261add4450e66855d41a52ca05710249a38b880dc69c9fd56014252cbe6477f5940455481407601b9810b643bc4c1acd8ad3efb28a2045b02510226b767b61a40bd6605f846b3594faf4adbfaf87f778dafaa9f3ecdab5ed19900040a4bc0224bf9ee33574a00c3ca872eb63ef08bf66fdfe5434f32f4a17de91375c71e513572448632381581a20548c08a16cfbf3e72b0fc8d35d7507ae8796e2e350730c4b6179c8045c472a56c69ff73dde13386555787884e9f3508c867b2d61dc8eb8b15db56b592866918b0b4f16f0224605e8e0672302fc36ab253a4612635292b67012b0958d4a7aea5cb3b5e79aef6f0e9ccafe71c648a4f29b07ec14219a5294ff6eb34d230bfe2e9796f48c07c0d303998af9135d92fd230939a94959b80c5042cea53f7abefc9fc7ad57e7bd44cde29b75e5230026904e4ea683de37b69cef4f41cd2304f03eb5bb748c07c8b689ffe0c5b5971a0c7dda36b06059a975edf70e80c83055214020605ac27607dfbd274cbfc51a79f6cb0771485401601b98d5b7dc467d8cc7a7bc3ca193b8cbb7b51cda41db3f0722e0239099080e504eb48b13c077324100a9ad1f1ef0ff16e98823805d944a7123089c096c54ff17a589023d1d14eb72cbcae74eb538e36ce6ab3781a66959fca87122001f37e7c9083791f62931d6451a2494dca3224d072fd4d9bfefedb860a33568cbc78d3f9deebc3a71dc0eb61c64c292895807c3ba1f59faf4e756a102791860511666d9d2cad7a67dd19176cfdcf67b5359cf6261020074b80c5a122401ac630704a4012b0b6f36e70aa49bd8de97ee14d5e0f733334e1b44aeee45aceba44d28c70ba9ca2a7a46129d038253f01b96cd79e7466d7e3afe7570525bb20400ee6421494b581344c59c0fc6daecb0958a42ef776b28877dbeea3eaa6eeef6f1ce899a302b29669fdd72febbaff6547dbe752b348c35c8a46d06d891230dede0c61109083851065f37d94346c6b6d5bed411fe36b48e67129318680dc5cae39e7a2cecb7e1ee358fb87c8eb611def2caf9f3d8bebc57e30426ac1fb8b6ed1728db81096280d635f531762116c1b7ade6d3ee34212b0400600fb220612e85cba59f3c559e3aebdbcb2ae2e97d2291481410494bea92c3bb08dbdedfbc3f7da83c022508080bc06f6fe9cf90554e45f156c02ec5f4c55f4c8b5cda554a0a96e24cfc15487cf72e3e57517761db01c83f0aa97751a6b3e75bac6e55532cbdef6839fb32e31bc316ba1c75b5e7b7dfdf42f59a8d88b2a65fdf0b0a93bd6ee3bc58bded0091d026e6e2ea5c34e6d2bc9c1d486ce8d8647bb0ed41d7b049bbfb91110cf5bd1b1eca5f59ffdaaea751ad1bac4bac3a657d6d77b1e2dba6749a06747b57f3c8f7d38b2f077def904df62c902c8b9f1056465872c1b767673a9f81de1c8a402ac454c2ac6f1030bb078839191b7804feb34645de2c8ef5ed038fbc8bcd1283f34819e57254f397bebe29742eb781efd65bd7d1eaa94d95740e9d27a82684480e760461829a482cddf1804b90a78b64ea367bfc4db1e65639b5cc74c808547f7737c53c854e865a147c72bcfd51e3e9d851ea64829a7af80dea5f5c4d18800399811460ae9119045565bdaff5c77f80c367f63401814d0b50562a28e6f7dfcbfdb1e7bb8e6a003aa3f3231d1891c8cc0f6024ca8e7312aba5f7d8fcd12f380a54cb640640c908331064c0a742d5dceaca149d0e0cbf27e9ab0673bec1befe38158f0233d2b00095856c1c1cfe72b7ff9d9065bf2865befdcf8693e9e1e6cfc3fe8383958e823c078ff9935344e1a6c81324db86effcf86b0b5000fc4821de4463adef34efff76eec5cf88091d228644001bef2c7c030222057ebba4bae689f7fb391d22844b5003998eaf039daf868d6503695aafdbbfd5897e86890dc6e56b44fd4a6bfffb6dbcd34d9bade0762c33fba375b269a94f5bdace809180958017196d7c364f170edac195563c714501d55f827201f8d5873c2195beffa8d7f5da3472904c8c152a0714a2c81d243cff3f5b058521cf46101597fb8feeb97755ef6f300617a1e882d79ac72971d86efb15b80dda7cb4905588298542ce3f1d157fef87a5846c6304fdf74ef832d33f9684498c11fb8d7ec4dcf68c85d60f4230bd9833b77655f2ad8fce82f37fecb35aabf00662414b229f6e8f9e70cdf6b0f23a551889702246016c32a57e8d87fbbb46a4cb3c53650b51601b954d77febaaceabeed7d260da598c00cfc18a710eba16d9835bf64bac3df0ef586115f43828d779f9956a59785deb3f5f1dc20b60e5302a7a563dfde0e72ce82d0b15ec01de6f57e378647bae501e593b1e24379ad7b1eca5b57f7f16eb0fdd88865bad2007732b1ebeb646f64b949f2bf6e0f635bed9fb15ad922fddfa54f6a27c2a4116f4cafb27156347d6ee3bc5a77ed1978c027257b7feb35fe5717146c68ca7f395bf8c80de9f2e138b1bfff3ee0d9fbc908945ef639dae83ac454ce7c6592905eaaf386df457cfaaacab4b793ea7792720bf529beebaaff5730bbdeb99c90e559f78c0a80517d44d3dc064a194a55340d6ebbe3f67beceb6fbd9eaca193b342fba82cbd3cfe8a6ed954c2cb65c78d9d6c52fa52d80f3fc17e03998ff3176aa87d11edc55fbed51337927a71a4663ac08c8afd4bab32eeaf8b77badd4aea8d29e4f3edc789face9adde7527f664531438b34ded5daf6bb6584acb28106d6aca92fb8c8cde9c1e3dfe7affa8afcadf6d6f3a4547f2102007cb43953287128876aee7e72af051c2af548a01d0b3a6f72f2f890ddf7337deae4c01a8fa940ff60be52360ae46315a72cfa6a6aec6a7a07631b15810b417d5b016d18b30aaedc4c87b168c987b9cdae6d3f09402f2364bcb9917f3364b4abebf9cd670ddd9234f99c7b66c590c159dcb7ea18a82c5a6a68a8265b0a9d1a7d2db2fbedd609914e5b7003998dff155d03b5e74511024734dec5adfd272e50fd8a2d794289998294967cbe1c6ced9d00cdd30b936479d712a2f3f2b0d5fd266334b92548ce345801c8c61e08440ed85c7375ff46526f59d08463e8d905bc9cd0f3fb671de827c8a0fba5432315fc3cf1363d59195bd3a467ef7023e8fa93a88651b2f8b0fdf5ff8c3d28f97943d920310e827400ec6907048a0e996f923fee104260e1d0a89a1a6b43df5cca68537b2439421ce818b2113cb95b7e0c2e589f18645b7b0aea960f63caa63ad471eaa2e942917e9c63bee693bef06171a431b340a9083698c9acf6d9689c3a68bce6c3cf66832313fc2cc1c61c171944cace9c4636b26ed5870bd54675080754d06311d294ad67a8cfcc2a9c3f7dac391f6d08c2c02d1b28ed62b17f156731646ce2507630cb8282099d8a86b2e6d3874868b8da34df104641bb70dd7fe8457bfe269193e4a6ef89afe692e1f2c32cc9a7f71cc59e46f6cb30656dddbd4375437532486202986f7c118030e0bc8128e11f3cf221373384403378d151a8e842cba82eaa64de5a9b2231119a2192c3e743f46a65ac8b26153920597c3a2fa82c1bdaf8ee760de87587d07c9c4148590eccbc160c953e586734e6b3a6e0e7bde38181d6992ac6bda74d77dad9f5be866f368554e022c1bce09368f62c9bef250a54c7230c6800e01de13733c4eb2866af3234ff076b2cb619275500d271cc383657762c45b25eec4c2564b784fcc967c9c7ae50a6dffd5af5b7f782b1b4ac5e1e298a402e46049c538dea60033fa36f507a95bb6cf6efdcf7b79efcbc1d00cd8a4e8226a38ea70f6edb01832b22f8bf80e56cdfc886b4191351d6d4b96b2eb866b71f1ac3de4609e053494eed45f715ad3df7f9a3da62cc65b6e223b5e58c68ef3164390b1ea9a2fce6afccc7175077e8c358a1925139dce7add445c411d2c0bef1b4e3f896d81ed065d76936a5dfc306b3aec462190dac9c10209b49fdd945faca6734eaf3ffc10b61c2832c0d14f54c76d8bd996b748f6fcea92198dba5987b075477ec251c9b25eb7f5e70ff0c9afbc9d3d285f5e156b9c7304938c4586329a556cfd8fbbf8da7291ec81d7450e16f800f0a4fbfc621510487ea20a40b65b05c9581efebc5292876a086532c9584c9499552cc6995ab61720076354f823102de4689875186babcc0655def86a7ff259d666985575b93449c66a3f3195658a196324174edb438ff3e02b2323a7479323eca6637624c8aae08edfbcb8f9670ff2e0cb2c2ca5c51720078b6fc5916a0478d1c548a8a2d48b358746309516229752edcce9f5877c826551f123c8b47a7c2b8e8c2f20bbe9d47df6c4fa99d3f9f67a7cb4ed8f644147163dce352b400e66d693d2dc1220194b110f52af1468de9f22f77fb5271c2593f1b5fb4ce139f380e1960ba773d9ef3aeefd05db587b7f39d8ed20c9580a7f9e7aa540e394bc05c8c1f216a67c2704649962dddc4f329d3f5830e4f7a9f3d5151d4b7ecdba2927c6abdb8d90ab69f8d1336b3fbe3ff95834a7def9db97795cecf698f5b675d13245aec4c1022c1be1b4fffaf9ce279f65c1a1b7d780da8ed57ce17f9083a98d1e0d4f25104de7f3ae8be0c9ede396e5af31739f6a1c71d20702928fd54c9f2a1754cdae3b07b25eb1f7c2e1c68ecbc01d8168d970edd4fd58a9288b81b7fc6e79e7f3cb3aef7b9ccd7bdd19a2b4a4af802460e3aebd9c1c8c5111ae40ef747ecd2e9303f95e6df4bcabf4873f71fb18eeb8cfb3e7d18d60f50e133c4bc9b870f21c35946d5840bef85c7bf0b4dafdf7ad9e3c29900fb7c8f3aece977f5f7af50fe45d860713c5e52010256095f5f5e46039e852a44281e8f958cd3e7b7af6bb25f78e5debd6f3e3a47048fad06449c9aa779b2c9755cdeebb548d1bab68a643a6d24b6fbeddb57a4de7d32f94963cc76cba0fc331c83ec8355833753f5939ecd954a3245d5bd7ac653e31c841adbbd3bd099874831c4c772c697d4e02f288ac6aca6e3295a8ebde5156496d7d7b55e94f6f6d7df7bdd22bcbb977cc6978506c6a81e8caaaf9e8de95231a65be43cab13e551fcd53c855d3ddba5932aeee960dbc3a923abe9ce8b8803c22abda79d2f029bbcb936aeb975e7c2b9913e95abbaef4c69bf2a46beb1fdfe60a8d4fc7914e09f44dc0c8c19c0a0d8d715a4066132b9b47495656d9d428bf5ec31aeaed4eeacb2ca07845378ef2b3d4fdfec6ceabee775a90c62130b840949bc9bf974b2c3a2acad0a2ff6479d32c4ab1a272e481f007fff0f40b3d970f0fb81893610bc802909a5907495656bde3449970ac6c68b09b9845576b775b9ba45bdd9b36cb4c62d78a3fb2d168d883d49fdef74bc0c8c1fc092d3db12520d38a5275e5e891b2e0aae71ffe92a1f536a66aec98441b79479955ef7f7a6f19a35f23f9fff383642bd0d4eb9a4074e9f5fd0f8fb05c8b11ed512ad03b27123db2965e544d1c5f3d7e5c6f77124d8bf49d079112640da1acf28d8a8a2610e51f9843543a5468764c81ed13303991b58831f5380c01041040000104104000010410482030600226e75726288343114000010410400001041040000104620834fce0ac093fbe467641dcfe5872b0187e1c8200020820800002082080000208c4169004acf9bc2f0c763839586c480e4400010410400001041040000104ca090c9d80c9d9e460e508f9f708208000020820800002082080403c81b2091839583c488e4200010410400001041040000104ca09c449c0c8c1ca29f2ef1140000104104000010410400081180231133072b018961c82000208208000020820800002080c29103f012307632821800002082080000208208000029904122560e46099ac39190104104000010410400001040217489a809183053e60e83e020820800002082080000208a4174891809183a5e7e64c0410400001041040000104100859205d02460e16f298a1ef0820800002082080000208209052207502460e96529cd31040000104104000010410402058812c09183958b0c3868e238000020820800002082080401a818c091839581a74ce410001041040000104104000813005b22760e460618e1c7a8d00020820800002082080000289058c2460e46089dd390101041040000104104000010402143095809183053878e8320208208000020820800002082413309880918325a3e768041040000104104000010410084dc06c02460e16daf8a1bf0820800002082080000208209040c07802460e96409f431140000104104000010410402028813c123072b0a086109d45000104104000010410400081b802392560e4607103c071082080000208208000020820108e407e0918395838a3889e228000020820800002082080402c815c133072b05831e020041040000104104000010410084420ef048c1c2c90814437114000010410400001041040a0bc400109183958f93070040208208000020820800002088420504c02460e16c258a28f0820800002082080000208205046a0b0048c1c8cb188000208208000020820800002a10b1499809183853edae83f0208208000020820800002810b149c809183053edee83e0208208000020820800002410b149f809183053de0e83c0208208000020820800002210b5849c0c8c1421e72f41d010410400001041040008170056c2560e460e18e397a8e0002082080000208208040b00216133072b060471d1d4700010410400001041040205001bb09183958a0c38e6e238000020820800002082010a6c0a8ffbaaaf9bc2fd8ed7ba5ddeaa91d010410400001041040000104102846a0f9c9eb9be6fccf62ea1aa2167230eb21a00108208000020820800002082090bb8024600d87cdc8bd9a18159083c540e210041040000104104000010410d02ce04e02268ae4609a87126d4700010410400001041040008172024e2560e460e5c2c5bf47000104104000010410400001cd02ae2560e4609a47136d4700010410400001041040008121051c4cc0c8c118b3082080000208208000020820e0a7809b091839989fa38d5e218000020820800002082010b880b309183958e02393ee2380000208208000020820e0a180cb0918399887038e2e218000020820800002082010b280e309183958c88393be2380000208208000020820e09b80fb091839986f638efe208000020820800002082010ac808a048c1c2cd8f149c71140000104104000010410f04a404b02460ee6d5b0a33308208000020820800002088429a0280123070b7388d26b0410400001041040000104fc11d095809183f933f2e8090208208000020820800002010aa84bc0c8c1021ca5741901041040000104104000014f04342660e4609e0c3eba81000208208000020820804068024a133072b0d0062afd4500010410400001041040c00701bd091839980fe38f3e2080000208208000020820109480ea048c1c2ca8b14a671140000104104000010410502fa03d012307533f04e9000208208000020820800002e108789080918385335ce9290208208000020820800002ba05fc48c0c8c1748f425a8f00020820800002082080402002de2460e460818c58ba89000208208000020820808062019f12307230c50391a6238000020820800002082010828067091839580883963e2280000208208000020820a055c0bf048c1c4ceb58a4dd0820800002082080000208782fe06502460ee6fdb8a5830820800002082080000208a814f03501230753391c693402082080000208208000027e0b789c809183f93d74e91d0208208000020820800002fa04fc4ec0c8c1f48d485a8c0002082080000208208080c702de2760e4601e8f5eba86000208208000020820808032811012307230658392e62280000208208000020820e0ab402009183998af03987e2180000208208000020820a046a0f2a08f8493809183a91997341401041040000104104000012f0524011b77cf8f1a0e9be165ef06ec5465385da5a7082080000208208000020820e094409480d5ecb4a353adcabb31e460790b533e0208208000020820800002080c201066022610e4605c0f08208000020820800002082050b440b009183958d1438dfa10400001041040000104104020e4048c1c8cf18f000208208000020820800002850a049e809183153adaa80c0104104000010410400081c00548c0c8c102bf04e83e0208208000020820800002c509908045d6ecc951dc98a326041040000104104000010482152001eb0d3d3958b057011d4700010410400001041040a0200112b0bed0e460050d3baa4100010410400001041040204c0112b07e7127070bf342a0d7082080000208208000020814214002b6bd32395811238f3a1040000104104000010410085080046cc0a0938305782dd0650410400001041040000104721720011b8c981c2cf7c147050820800002082080000208842640023644c4c9c142bb1ce82f0208208000020820800002f90a90800ded4b0e96eff8a3740410400001041040000104821220012b1b6e72b0b2441c80000208208000020820800002b10448c0e2309183c551e218041040000104104000010410282340021673889083c584e230041040000104104000010410185480042cfee020078b6fc5910820800002082080000208203080000958a261410e96888b83114000010410400001041040e043022460490704395852318e470001041040000104104000810f0448c0520c0572b014689c82000208208000020820800002152460e9060139583a37ce420001041040000104104020680112b0d4e127074b4dc7890820800002082080000208042a40029625f0e46059f438170104104000010410400081e00448c032869c1c2c2320a723800002082080000208201090000958f66093836537a4040410400001041040000104821020013312667230238c14820002082080000208208080e7022460a6024c0e664a92721040000104104000010410f0568004cc6068c9c10c62521402082080000208208000021e0a9080990d2a3998594f4a4300010410400001041040c02b011230e3e12407334e4a81082080000208208000020878224002964720c9c1f250a54c0410400001041040000104d40b9080e5144272b09c6029160104104000010410400001c502355ff81f137e715bcd4e3b2aee83ab4d2707733532b40b01041040000104104000014b0292808dbbf6f2aa31cd96eaf7bc5a7230cf034cf71040000104104000010410482410256095f5f589cee2e0f802e460f1ad38120104104000010410400001cf0548c00a0830395801c854810002082080000208208080020112b06282440e568c33b52080000208208000020820e0b400095861e121072b8c9a8a104000010410400001041070548004acc8c0908315a94d5d082080000208208000020838274002567048c8c10a06a73a04104000010410400001041c1220012b3e18e460c59b532302082080000208208000024e089080590903399815762a4500010410400001041040c0b2000998ad009083d992a75e0410400001041040000104ac09908059a3afa82007b3884fd5082080000208208000020858102001b380dea74a7230bbfed48e0002082080000208208040a102246085720f54193998f510d00004104000010410400001040a1220012b087ac86ac8c15c88026d400001041040000104104020770112b0dc89e355400e16cf89a31040000104104000010410d02c4002e64ef4c8c1dc89052d410001041040000104104020170112b05c58d3164a0e96568ef31040000104104000010410d0204002e65a94c8c15c8b08ed4100010410400001041040c098000998314a7305918399b3a42404104000010410400001045c12200173291a7f6b0b39989b71a155082080000208208000020864122001cbc497e7c9e46079ea52360208208000020820800002360448c06ca8c7ad931c2cae14c72180000208208000020820a0428004ccf1309183391e209a870002082080000208208040020112b00458960e2507b3044fb5082080000208208000020898162001332d9a4b79e460b9b052280208208000020820800002050b9080150c9eba3a72b0d4749c8800020820800002082080802b022460ae4422463bc8c16220710802082080000208208000020e0b9080391c9c019a460ea62b5eb41601041040000104104000810f099080a91b10e460ea4246831140000104104000010410f84080044ce3502007d31835da8c0002082080000208208040050998d241400ea63470341b0104104000010410402068011230bde12707d31b3b5a8e00020820800002082010a8000998eac09383a90e1f8d47000104104000010410084e80044c7bc8c9c1b44790f6238000020820800002080424507ff9a9e3aebdbcb2be3ea03e7bd7557230ef424a87104000010410400001043c1568f8c159632efe2a0998f6f09283698f20ed4700010410400001041008424012b0e6f3be1044577def243998ef11a67f08208000020820800002fa0548c0f4c7f06f3d2007f3299af405010410400001041040c043011230cf824a0ee65940e90e02082080000208208080570224605e85f32f9d2107f32fa6f408010410400001041040c0130112304f02f9e16e90837919563a85000208208000020820a05e80044c7d0807e9003998af91a55f082080000208208000028a0548c01407af5cd3c9c1ca09f1ef114000010410400001041028568004ac58efa26b23072b5a9cfa104000010410400001041018428004ccfbe1410ee67d88e920020820800002082080801a01123035a1cad05072b00c789c8a00020820800002082080803901123073964e97440ee67478681c020820800002082080402002246081045aba490e164eace92902082080000208208080a30224608e06269f669183e5e34aa90820800002082080000208c41320018be7e4cf51e460fec4929e20800002082080000208a81320015317b2ec0d2607cb6e48090820800002082080000208a41120014ba3a6ff1c7230fd31a407082080000208208000020a0548c01406cd4c93c9c1cc38520a0208208000020820800002f10548c0e25bf9772439987f31a547082080000208208000024e0b9080391d9efc1b470e96bf31352080000208208000020820f057011230c602391863000104104000010410400081820448c00a8276bb1a7230b7e343eb104000010410400001047c112001f3259259fbf1ff01bfff66192ab56ee10000000049454e44ae42608200000000000000000000000000000000000000000000000000000000000000000000000000000000000000000000000000000000000000000000000000000000000000000000000000000000000000000000000000000000000000000000000000000000000000000000000000000000000000000000000000000000000000000000000000000000000000000000000000000000000000000000000000000000000000000000000000000000000000000000000000000000000000000000000000000000000000000000000000000000000000000000000000000000000000000000000000000000000000000000000000000000000000000000000086020f00120001009c000f0004000000000000000000040000000000000000000000000000000000000000000000000000000000000000000000000000000000000000000000000000000000000000000000000000000000000000000000000000000000000000000000000000000000000000000000000000000000000000000000000000000000000000000000000000000000000000000000000000000000000000000000000000000000000000000000000000000000000000000000000000000000000000000000000000000000000000000000000000000000000000000000000000000000000000000000000000000000000000000000000000000000000000000000000000000000000000000000000000000000000000000000000000000000000000000000000000000000000000000000000000000000000000000000000000000000000000000000000000000000000000000000000000000000000000000000000000000000000000000000000000000000000000000000000000000000000000000000000000000000000000000000000000000000000000000000000000000000000000000000000000000000000000000000000000000000000000000000000000000000000000000000000000000000000000000000000000000000000000000000000000000000000000000000000000000000000000000000000000000000000000000000000000000000000000000000000000000000000000000000000000000000000000000000000000000000000000000000000000000000000000000000000000000000000000000000000000000000000000000000000000000000000000000000000000000000000000000000000000000000000000000000000040000040f1ff020040000c00000000000000000006004e006f0072006d0061006c000000020000001800434a18005f480104614a18006d480904734809047448090400000000000000000000000000000000000044004140f2ffa10044000c0100000000000000001600440065006600610075006c0074002000500061007200610067007200610070006800200046006f006e0074000000000052006940f3ffb30052000c0100000000000000000c005400610062006c00650020004e006f0072006d0061006c0000001c0017f603000034d60600010a036c0034d60600010503000061f603000002000b00000028006b40f4ffc10028000001000000000000000007004e006f0020004c006900730074000000020000000000000000000000080000000c00001000000000ffffffff000000000a0000009800000000300000000000000080000000800000000000000000000000060000080800000500000000060000080800000600000000060000080800000700000000000000060000000a0000001c000700000000000a000000070000000000070000000a00000005000700000000000a0000000700060000000400000008000000e50000000000000005000000c76c1e00be4a56008735b500f810bf009c2fc600c121e800ff4003800100070000000700000094cbef19d902d9020700000000000000070000000000000002100000000000000008000000c000001000400000ffff01000000070055006e006b006e006f0077006e00ffff0100080000000000000000000000ffff010000000000ffff00000200ffff00000000ffff00000200ffff000000000400000047169001000002020603050405020304877a0020000000800800000000000000ff01000000000000540069006d006500730020004e0065007700200052006f006d0061006e00000035169001020005050102010706020507000000000000001000000000000000000000008000000000530079006d0062006f006c000000332690010000020b0604020202020204877a0020000000800800000000000000ff0100000000000041007200690061006c0000003f2690010000020b0a04020102020204870200000000000000000000000000009f0000000000000041007200690061006c00200042006c00610063006b000000220004007108841800f0d0020000680100000000fb8ac646fb8ac646000000000200000000000100000007000000010001000000040003100100000001000000070000000100010000000100000000000000b10400f01000000000000000000000000000000000000000000000000000000000000000000000000000000000000000000000000000000000000000000000000000000000000000000000000000000000000000000000000000000000000000000000000000000000000000000000000000000000000000000000000000000000000000000000000000000000000000000000000000000000000000000000000000000000000000000000000000000000000000000000000000000000000000000000000000000000000000000000000000000000000000000000000000000000000000000000000000000000000000000000000000000000000000000000000000000000000000000000000000000000000000000000000000000000000000000000000000000000000000000000000000000000000000000000000000a00505077800b4008282723400000000000000000000000000000700000007000000000000000000000000000000000000000000000000000000000000000000000000000000000000000000000000000000000000000000000000000000020000000000000000000932835100f0100008000300000000000000000000000000000000000000000000000000000048580000000029f0ff0f0100013f0000e4040000ffffff7fffffff7fffffff7fffffff7fffffff7fffffff7fffffff7fbe4a560000000000320000000000000000000000000000000000ffff120000000000000007004f006c0079006d0070006900200000000000000012004c0061007200730020004a00750065006c002000440072006100670073006200e6006b0012004c0061007200730020004a00750065006c002000440072006100670073006200e6006b0000000000000000000000000000000000000000000000000000000000000000000000000000000000000000000000000000000000000000000000000000000000000000000000000000000000000000000000000000000000000000000000000000000000000000000000000000000000000000000000000000000000000000000000000000000000000000000000000000000000000000000000000000000000000000000000000000000000000000000000000000000000000000000000000000000000000000000000000000000000000000000000000000000000000000000000000000000000000000000000000000000000000000000000000000000000000000000000000000000000000000000000000000000000000000000000000000000000000000000000000000000000000000000000000000000000000000000000000000000000000000000000000000000000000000000000000000000000000000000000000000000000000000000000000000000000000000000000000000000000000000000000000000000000000000000000000000000000000000000000000000000000000000000000000000000000000000000000000000000000000000000000000000000000000000000000000000000000000000000000000000000000000000000000000000000000000000000000000000000000000000000000000000000000000000000000000000000000000000000000000000000000000000000000000000000000000000000000000000000000000000000000000000000000000000000000000000000000000000000000000000000000000000000000000000000000000000000000000000000000000000000000000000000000000000000000000000000000000000000000000000000000000000000000000000000000000000000000000000000000000000000000000000000000000000000000000000000000000000000000000000000000000000000000000000000000000000000000000000000000000000000000000000000000000000000000000000000000000000000000000000000000000000000000000000000000000000000000000000000000000000000000000000000000000000000000000000000000000000000000000000000000000000000000000000000000000000000000000000000000000000000000000000000000000000000000000000000000000000000000000000000000000000000000000000000000000000000000000000000000000000000000000000000000000000000000000000000000000000000000000000000000000000000000000000000000000000000000000000000000000000000000000000000000000000000000000000000000000000000000000000000000000000000000000000000000000000000000000000000000000000000000000000000000000000000000000000000000000000000000000000000000000000000000000000000000000000000000000000000000000000000000000000000000000000000000000000000000000000000000000000000000000000000000000000000000000000000000000000000000000000000000000000000000000000000000000000000000000000000000000000000000000000000000000000000000000000000000000000000000000000000000000000000000000000000000000000000000000000000000000000000000000000000000000000000000000000000000000000000000000000000000000000000000000000000000000000000000000000000000000000000000000000000000000000000000000000000000000000000000000000000000000000000000000000000000000000000000000000000000000000000000000000000000000000000000000000000000000000000000000000000000000000000000000000000000000000000000000000000000000000000000000000000000000000000000000000000000000000000000000000000000000000000000000000000000000000000000000000000000000000000000000000000000000000000000000000000000000000000000000000000000000000000000000000000000000000000000000000000000000000000000000000000000000000000000000000000000000000000000000000000000000000000000000000000000000000000000000000000000000000000000000000000000000000000000000000000000000000000000000000000000000000000000000000000000000000000000000000000000000000000000000000000000000000000000000000000000000000000000000000000000000000000000000000000000000000000000000000000000000000000000000000000000000000000000000000000000000000000000000000000000000000000000000000000000000000000000000000000000000000000000000000000000000000000000000000000000000000000000000000000000000000000000000000000000000000000000000000000000000000000000000000000000000000feff0000050102000000000000000000000000000000000001000000e0859ff2f94f6810ab9108002b27b3d93000000088010000110000000100000090000000020000009800000003000000a800000004000000b400000005000000d000000006000000dc00000007000000e800000008000000fc000000090000001801000012000000240100000a000000440100000c000000500100000d0000005c0100000e000000680100000f000000700100001000000078010000130000008001000002000000e40400001e000000080000004f6c796d706920001e00000004000000000000001e000000140000004c617273204a75656c20447261677362e66b00001e00000004000000000000001e00000004000000000000001e0000000c0000004e6f726d616c2e646f7400001e000000140000004c617273204a75656c20447261677362e66b00001e00000004000000320000001e000000180000004d6963726f736f6674204f666669636520576f726400000040000000000000000000000040000000008ac5c360d0c80140000000008ac5c360d0c80103000000010000000300000001000000030000000700000003000000000000000000000000000000000000000000000000000000000000000000000000000000000000000000000000000000000000000000000000000000000000000000000000000000000000000000000000000000000000000000000000000000000000000000000000000000000000000000000000000000000000000000000000000000000000000000000000000000000000000000000000000000000000000000000000000000000000000000000000000000000000000000000000000000000000000000000000000000000000000000000000000000000000000000000000000000000000000000000000000000000000000000000000000000000000000000000000000000000000000000000000000000000000000000000000000000000000000000000000000000000000000000000000000000000000000000000000000000000000000000000000000000000000000000000000000000000000000000000000000000000000000000000000000000000000000000000000000000000000000000000000000000000000000000000000000000000000000000000000000000000000000000000000000000000000000000000000000000000000000000000000000000000000000000000000000000000000000000000000000000000000000000000000000000000000000000000000000000000000000000000000000000000000000000000000000000000000000000000000000000000000000000000000000000000000000000000000000000000000000000000000000000000000000000000000000000000000000000000000000000000000000000000000000000000000000000000000000000000000000000000000000000000000000000000000000000000000000000000000000000000000000000000000000000000000000000000000000000000000000000000000000000000000000000000000000000000000000000000000000000000000000000000000000000000000000000000000000000000000000000000000000000000000000000000000000000000000000000000000000000000000000000000000000000000000000000000000000000000000000000000000000000000000000000000000000000000000000000000000000000000000000000000000000000000000000000000000000000000000000000000000000000000000000000000000000000000000000000000000000000000000000000000000000000000000000000000000000000000000000000000000000000000000000000000000000000000000000000000000000000000000000000000000000000000000000000000000000000000000000000000000000000000000000000000000000000000000000000000000000000000000000000000000000000000000000000000000000000000000000000000000000000000000000000000000000000000000000000000000000000000000000000000000000000000000000000000000000000000000000000000000000000000000000000000000000000000000000000000000000000000000000000000000000000000000000000000000000000000000000000000000000000000000000000000000000000000000000000000000000000000000000000000000000000000000000000000000000000000000000000000000000000000000000000000000000000000000000000000000000000000000000000000000000000000000000000000000000000000000000000000000000000000000000000000000000000000000000000000000000000000000000000000000000000000000000000000000000000000000000000000000000000000000000000000000000000000000000000000000000000000000000000000000000000000000000000000000000000000000000000000000000000000000000000000000000000000000000000000000000000000000000000000000000000000000000000000000000000000000000000000000000000000000000000000000000000000000000000000000000000000000000000000000000000000000000000000000000000000000000000000000000000000000000000000000000000000000000000000000000000000000000000000000000000000000000000000000000000000000000000000000000000000000000000000000000000000000000000000000000000000000000000000000000000000000000000000000000000000000000000000000000000000000000000000000000000000000000000000000000000000000000000000000000000000000000000000000000000000000000000000000000000000000000000000000000000000000000000000000000000000000000000000000000000000000000000000000000000000000000000000000000000000000000000000000000000000000000000000000000000000000000000000000000000000000000000000000000000000000000000000000000000000000000000000000000000000000000000000000000000000000000000000000000000000000000000000000000000000000000000000000000000000000000000000000000000000000000000000000000000000000000000000000000000000000000000000000000000000000000000000000000000000000000000000000000000000000000000000000000000000000000000000000000000000000000000000000000000000000000000000000000000000000000000000000000000000000000000000000000000000000000000000000000000000000000000000000000000000000000000000000000000000000000000000000000000000000000000000000000000000000000000000000000000000000000000000000000000000000000000000000000000000000000000000000000000000000000000000000000000000000000000000000000000000000000000000000000000000000000000000000000000000000000000000000000000000000000000000000000000000000000000000000000000000000000000000000000000000000000000000000000000000000000000000000000000000000000000000000000000000000000000000000000000000000000000000000000000000000000000000000000000000000000000000000000000000000000000000000000000000000000000000000000000000000000000000000000000000000000000000000000000000000000000000000000000000000000000000000000000000000000000000000000000000000000000000000000000000000000000000000000000000000000000000000000000000000000000000000000000000000000000000000000000000000000000000000000000000000000000000000000000000000000000000000000000000000000000000000000000000000000000000000000000000000000000000000000000000000000000000000000000000000000000000000000000000000000000000000000000000000000000000000000000000000000000000000000000000000000000000000000000000000000000000000000000000000000000000000000000000000000000000000000000000000000000000000000000000000000000000000000000000000000000000000000000000000000000000000000000000000000000000000000000000000000000000000000000000000000000000000000000000000000000000000000000000000000000000000000000000000000000000000000000000000000000000000000000000000000000000000000000000000000000000000000000000000000000000000000000000000000000000000000000000000000000000000000000000000000000000000000000000000000000000000000000000000000000000000000000000000000000000000000000000000000000000000000000000000000000000000000000000000000000000000000000000000000000000000000000000000000000000000000000000000000000000000000000000000000000000000000000000000000000000000000000000000000000000000000000000000000000000000000000000000000000000000000000000000000000000000000000000000000000000000000000000000000000000000000000000000000000000000000000000000000000000000000000000000000000000000000000000000000000000000000000000000000000000000000000000000000000000000000000000000000000000000000000000000000000000000000000000000000000000000000000000000000000000000000000000000000000000000000000000000000000000000000000000000000000000000000000000000000000000000000000000000000000000000000000000000000000000000000000000000000000000000000000000000000000000000000000000000000000000000000000000000000000000000000000000000000000000000000000000000000000000000000000000000000000000000000000000000000000000000000000000000000000000000000000000000000000000000000000000000000000000000000000000000000000000000000000000000000000000000000000000000000000000000000000000000000000000000000000000000000000000000000000000000000000000000000000000000000000000000000000000000000000000000000000000000000000000000000000000000000000000000000000000000000000000000000000000000000000000000000000000000000000000000000000000000000000000000000000000000000000000000000000000000000000000000000000000000000000000000000000000000000000000000000000000000000000000000000000000000000000000000000000000000000000000000000000000000000000000000000000000000000000000000000000feff000005010200000000000000000000000000000000000100000002d5cdd59c2e1b10939708002b2cf9ae30000000f00000000c00000001000000680000000f00000070000000050000007c0000000600000084000000110000008c00000017000000940000000b0000009c00000010000000a400000013000000ac00000016000000b40000000d000000bc0000000c000000d000000002000000e40400001e0000000400000043534300030000000100000003000000010000000300000007000000030000000f270b000b000000000000000b000000000000000b000000000000000b000000000000001e10000001000000080000004f6c796d706920000c100000020000001e000000060000005469746c650003000000010000000000000000000000000000000000000000000000000000000000000000000000000000000000000000000000000000000000000000000000000000000000000000000000000000000000000000000000000000000000000000000000000000000000000000000000000000000000000000000000000000000000000000000000000000000000000000000000000000000000000000000000000000000000000000000000000000000000000000000000000000000000000000000000000000000000000000000000000000000000000000000000000000000000000000000000000000000000000000000000000000000000000000000000000000000000000000000000000000000000000000000000000000000000000000000000000000000000000000000000000000000000000000000000000000000000000000000000000000000000000000000000000000000000000000000000000000000000000000000000000000000000000000000000000000000000000000000000000000000000000000000000000000000000000000000000000000000000000000000000000000000000000000000000000000000000000000000000000000000000000000000000000000000000000000000000000000000000000000000000000000000000000000000000000000000000000000000000000000000000000000000000000000000000000000000000000000000000000000000000000000000000000000000000000000000000000000000000000000000000000000000000000000000000000000000000000000000000000000000000000000000000000000000000000000000000000000000000000000000000000000000000000000000000000000000000000000000000000000000000000000000000000000000000000000000000000000000000000000000000000000000000000000000000000000000000000000000000000000000000000000000000000000000000000000000000000000000000000000000000000000000000000000000000000000000000000000000000000000000000000000000000000000000000000000000000000000000000000000000000000000000000000000000000000000000000000000000000000000000000000000000000000000000000000000000000000000000000000000000000000000000000000000000000000000000000000000000000000000000000000000000000000000000000000000000000000000000000000000000000000000000000000000000000000000000000000000000000000000000000000000000000000000000000000000000000000000000000000000000000000000000000000000000000000000000000000000000000000000000000000000000000000000000000000000000000000000000000000000000000000000000000000000000000000000000000000000000000000000000000000000000000000000000000000000000000000000000000000000000000000000000000000000000000000000000000000000000000000000000000000000000000000000000000000000000000000000000000000000000000000000000000000000000000000000000000000000000000000000000000000000000000000000000000000000000000000000000000000000000000000000000000000000000000000000000000000000000000000000000000000000000000000000000000000000000000000000000000000000000000000000000000000000000000000000000000000000000000000000000000000000000000000000000000000000000000000000000000000000000000000000000000000000000000000000000000000000000000000000000000000000000000000000000000000000000000000000000000000000000000000000000000000000000000000000000000000000000000000000000000000000000000000000000000000000000000000000000000000000000000000000000000000000000000000000000000000000000000000000000000000000000000000000000000000000000000000000000000000000000000000000000000000000000000000000000000000000000000000000000000000000000000000000000000000000000000000000000000000000000000000000000000000000000000000000000000000000000000000000000000000000000000000000000000000000000000000000000000000000000000000000000000000000000000000000000000000000000000000000000000000000000000000000000000000000000000000000000000000000000000000000000000000000000000000000000000000000000000000000000000000000000000000000000000000000000000000000000000000000000000000000000000000000000000000000000000000000000000000000000000000000000000000000000000000000000000000000000000000000000000000000000000000000000000000000000000000000000000000000000000000000000000000000000000000000000000000000000000000000000000000000000000000000000000000000000000000000000000000000000000000000000000000000000000000000000000000000000000000000000000000000000000000000000000000000000000000000000000000000000000000000000000000000000000000000000000000000000000000000000000000000000000000000000000000000000000000000000000000000000000000000000000000000000000000000000000000000000000000000000000000000000000000000000000000000000000000000000000000000000000000000000000000000000000000000000000000000000000000000000000000000000000000000000000000000000000000000000000000000000000000000000000000000000000000000000000000000000000000000000000000000000000000000000000000000000000000000000000000000000000000000000000000000000000000000000000000000000000000000000000000000000000000000000000000000000000000000000000000000000000000000000000000000000000000000000000000000000000000000000000000000000000000000000000000000000000000000000000000000000000000000000000000000000000000000000000000000000000000000000000000000000000000000000000000000000000000000000000000000000000000000000000000000000000000000000000000000000000000000000000000000000000000000000000000000000000000000000000000000000000000000000000000000000000000000000000000000000000000000000000000000000000000000000000000000000000000000000000000000000000000000000000000000000000000000000000000000000000000000000000000000000000000000000000000000000000000000000000000000000000000000000000000000000000000000000000000000000000000000000000000000000000000000000000000000000000000000000000000000000000000000000000000000000000000000000000000000000000000000000000000000000000000000000000000000000000000000000000000000000000000000000000000000000000000000000000000000000000000000000000000000000000000000000000000000000000000000000000000000000000000000000000000000000000000000000000000000000000000000000000000000000000000000000000000000000000000000000000000000000000000000000000000000000000000000000000000000000000000000000000000000000000000000000000000000000000000000000000000000000000000000000000000000000000000000000000000000000000000000000000000000000000000000000000000000000000000000000000000000000000000000000000000000000000000000000000000000000000000000000000000000000000000000000000000000000000000000000000000000000000000000000000000000000000000000000000000000000000000000000000000000000000000000000000000000000000000000000000000000000000000000000000000000000000000000000000000000000000000000000000000000000000000000000000000000000000000000000000000000000000000000000000000000000000000000000000000000000000000000000000000000000000000000000000000000000000000000000000000000000000000000000000000000000000000000000000000000000000000000000000000000000000000000000000000000000000000000000000000000000000000000000000000000000000000000000000000000000000000000000000000000000000000000000000000000000000000000000000000000000000000000000000000000000000000000000000000000000000000000000000000000000000000000000000000000000000000000000000000000000000000000000000000000000000000000000000000000000000000000000000000000000000000000000000000000000000000000000000000000000000000000000000000000000000000000000000000000000000000000000000000000000000000000000000000000000000000000000000000000000000000000000000000000000000000000000000000000000000000000000000000000000000000000000000000000000000000000000000000000000000000000000000000000000000000000000000000000000000000000000000000000000000000000000000000000000000000000000000000000000000000000000000000000000000000000000000000000000000000000000000000000000000000000000000000000000000000000000000000000000000000000000000000000000000000000000000000000000000000000000000000000000000000000000000000000000000000000000000000000000000000000000000000000000000000000000000000000000000000000000000000000000000000000000000000000000000000000000000000000000000000000000000000000000000000000000000000000000000000000000000000000000100000002000000030000000400000005000000060000000700000008000000feffffff0a0000000b0000000c0000000d0000000e0000000f000000100000001100000012000000130000001400000015000000160000001700000018000000190000001a0000001b0000001c0000001d0000001e0000001f000000200000002100000022000000230000002400000025000000260000002700000028000000290000002a0000002b0000002c0000002d0000002e0000002f000000300000003100000032000000330000003400000035000000360000003700000038000000390000003a0000003b0000003c0000003d0000003e0000003f0000004000000041000000420000004300000044000000450000004600000047000000feffffff490000004a0000004b0000004c0000004d0000004e0000004f000000feffffff51000000520000005300000054000000550000005600000057000000feffffff590000005a0000005b0000005c0000005d0000005e0000005f000000fefffffffdffffff62000000fefffffffefffffffeffffffffffffffffffffffffffffffffffffffffffffffffffffffffffffffffffffffffffffffffffffffffffffffffffffffffffffffffffffffffffffffffffffffffffffffffffffffffffffffffffffffffffffffffffffffffffffffffffffffffffffffffffffffffffffff52006f006f007400200045006e00740072007900000000000000000000000000000000000000000000000000000000000000000000000000000000000000000016000501ffffffffffffffff030000000609020000000000c000000000000046000000000000000000000000008ca0d760d0c801640000008000000000000000440061007400610000000000000000000000000000000000000000000000000000000000000000000000000000000000000000000000000000000000000000000a000201ffffffffffffffffffffffff00000000000000000000000000000000000000000000000000000000000000000000000009000000047d00000000000031005400610062006c006500000000000000000000000000000000000000000000000000000000000000000000000000000000000000000000000000000000000e0002010100000006000000ffffffff00000000000000000000000000000000000000000000000000000000000000000000000048000000001000000000000057006f007200640044006f00630075006d0065006e007400000000000000000000000000000000000000000000000000000000000000000000000000000000001a0002010200000005000000ffffffff000000000000000000000000000000000000000000000000000000000000000000000000000000003b100000000000000500530075006d006d0061007200790049006e0066006f0072006d006100740069006f006e00000000000000000000000000000000000000000000000000000028000201ffffffffffffffffffffffff000000000000000000000000000000000000000000000000000000000000000000000000500000000010000000000000050044006f00630075006d0065006e007400530075006d006d0061007200790049006e0066006f0072006d006100740069006f006e00000000000000000000003800020104000000ffffffffffffffff000000000000000000000000000000000000000000000000000000000000000000000000580000000010000000000000010043006f006d0070004f0062006a0000000000000000000000000000000000000000000000000000000000000000000000000000000000000000000000000012000200ffffffffffffffffffffffff0000000000000000000000000000000000000000000000000000000000000000000000000000000071000000000000000000000000000000000000000000000000000000000000000000000000000000000000000000000000000000000000000000000000000000000000000000000000000000ffffffffffffffffffffffff00000000000000000000000000000000000000000000000000000000000000000000000000000000000000000000000001000000feffffffffffffffffffffffffffffffffffffffffffffffffffffffffffffffffffffffffffffffffffffffffffffffffffffffffffffffffffffffffffffffffffffffffffffffffffffffffffffffffffffffffffffffffffffffffffffffffffffffffffffffffffffffffffffffffffffffffffffffffffffffffffffffffffffffffffffffffffffffffffffffffffffffffffffffffffffffffffffffffffffffffffffffffffffffffffffffffffffffffffffffffffffffffffffffffffffffffffffffffffffffffffffffffffffffffffffffffffffffffffffffffffffffffffffffffffffffffffffffffffffffffffffffffffffffffffffffffffffffffffffffffffffffffffffffffffffffffffffffffffffffffffffffffffffffffffffffffffffffffffffffffffffffffffffffffffffffffffffffffffffffffffffffffffffffffffffffffffffffffffffffffffffffffffffffffffffffffffffffffffffffffffffffffffffffffffffffffffffffffffffffffffffffffffffffffffffffffffffffffffffffffffffffffffffffffffffffffffffffffffffffffffffffffffffffffffffffffffffffffffffffffffffffffffffffffffffffffffffffffffffffffffffffffffffffffffffffffffffffffffffffffffffffffffffffffffffffffffffffffffffffffffffff0100feff030a0000ffffffff0609020000000000c0000000000000461f0000004d6963726f736f6674204f666669636520576f726420446f63756d656e74000a0000004d53576f7264446f630010000000576f72642e446f63756d656e742e3800f439b271000000000000000000000000000000000000000000000000000000000000000000000000000000000000000000000000000000000000000000000000000000000000000000000000000000000000000000000000000000000000000000000000000000000000000000000000000000000000000000000000000000000000000000000000000000000000000000000000000000000000000000000000000000000000000000000000000000000000000000000000000000000000000000000000000000000000000000000000000000000000000000000000000000000000000000000000000000000000000000000000000000000000000000000000000000000000000000000000000000000000000000000000000000000000000000000000000000000000000000000000000000000000000000000000000000000000000000000000000000000000000000000000000000000000000000000000000000000000000000000000000000000000000000000000000000000000000000000000000000000000000000000000000000000000000000000000000000, 52224, 'Olympicsc logo NEW.doc', 'application/msword'),
(6, 0x89504e470d0a1a0a0000000d494844520000007d0000007d08060000008f806c25000000017352474200aece1ce90000000467414d410000b18f0bfc6105000000206348524d00007a26000080840000fa00000080e8000075300000ea6000003a98000017709cba513c0000001974455874536f667477617265005061696e742e4e45542076332e352e343e8dcc7600000eaa49444154785eed9c797054451ec7130284438e01c2190284908b244c2ec2907326e44ecc052121e6108804c80a6250a3202cac221195234c26e14848801c1c226065c515d1d2d2da2d8a5ac43fd075d75dcb6557dd5d64c1721199fdf6901966de74cfbc4c460dfa9baa574ce675ffbadfe7dbfdeb5fffde7bb8b8d087081001224004880011200244800810012240048800112002448008100122400488001120024480081001224004880011200244800810012240048800112002448008100122400488001120024480081001224004880011200244800810012240048800112002448008100122400488001120028cc0b66ddbdc57af5e1d80af8663c58a1501f86d30d1f99911282d2d8d080b0b7b71d2a44917070c18f0d1983163f4b844c3317af468fdc08103ff347efcf88ba1a1a13b162e5ca89279f9efa1dc45cee129b33e157371f117307cdd613835353501d3a64deb1c3c78f04da3c8f6fe757777bfe5e1e1710c0325c44ec35f0b6c793bdce15f5e45a580e1678ea20818356ad4dfec892c3a3f68d0a02f2b2a2a56d9689c44775499bbf59c273a5c35731b6cb498dcb823df870f1f7e3b3e3e3e45706d247a5f11bdb2b2d2ddcbcbeb2fb644c6bafe5f9cbfc28efefdfb5fb35576e4c891ffc8caca1ac4b93e12bdf7a20f858968ce11d123d3c1c1c155aeaeaedc193e74e8d0ef8282827662604c311a2d2e2ef69c3973e6f3c3860d13aefb53a74e7dfc5e12fdc89123835352523c30a03d366fde3cc616c00d1b368cc124f0c8ccccf4c02ea65f8f60730a3735350d9f3e7dba0798796cddba9537597adb8475fdb163c77267392eec565252d272518b696969e588e2bfe3cdfa112346fcd311d11144d6a0de59e9111212f28aa81f18986a5e1d789b59dd750e4bcf4745451d64e70a0b0bc76150bf00069711cfe8d9e0471f6e6187f27a5c5c5c9ab1cdc6c6c6011025155eeccc942953be63e5d82e06d7f98eb7b777e9534f3d2512ab5eda367645a7985d4ca42078d8561c5f2070d6232662f63ec4843af4e8a38f8a82621fdeb5e2b70ed92363fdfaf55118ddb778c2cd9831836db16c7e70e14dbcbaecb7952b57c64b2adb75ef18f1b1fdfaf5b3f23ad821dcc40c0ce37506dbc94e691f20ce9582828211dde53f959e87e89f2c5ab428165bd2aba2fea3cddb3131314b3078fa4744449c107943565fa95476e15fdeacff83d43e44bf565e5e5ec5025f51db38f715da0fe75caf5250477ef40ee3d9a286a3a3a3d7d8131d2e6e99a83ebcc0a29e8aded6d6361441e5659e4d1f1f9f87a4fd59b76e9ddb7df7dd673568c3c3c39bcdca5a898ec17503b35b28b8b17d0c1efdb871e39897b11be0ce9a356b29879795e8cc269646bbf63098bfdab871a3d15b194df75ef49c9c9c161b17645ac76d88ef21aa9f989878b4a7a2b3f288fe1fe3d9c460b04a40f8f9f92d9096653312ebb3b97bb4125d8e883d2d03f77f418ee846bbdd9ee35bfcfdadc88b4c9c38b10313c1d5cc6eef45c788fbc14447471d121db1c258acd3ff9242777373fba6aeae6e8239589e6b07fc8b0035d0d64c37dac6facc762587d0deef6d898c35f7368469676571fc8f571609aaab0d0d0d1325c25bcd7456972d618819f619cb2624241ce409cf3c824aa532bfe6de8b8e46fb9ce80c04dcef0e1e58ac9d15e6509117b07293083e374bc073673a443a8fe561142b8b7fdd61fb0391f0f08885469b10eb41c44156edb240ccdfdfdf578ee8f05a67a45e0103ef2d5efb58661f76ea4cf7f5f5fdc144070087663abb4044b63143860cb1020b776e828535b4400a09ebb41e0229e4889e9191610e9355e1c6270a85e27d0c0a7317cbcafe5b304064892e1dbccc6040404015cfa6a7a767ad53454f4e4ede221add5817e74a47a3f4efecec6c1668708312b55abd5352de6ef46e5e1e5ba8e352dbd8d27c7bf2e4c9f1ac1cd6bb23d2f370f7cd9c3e7f2ae8a334a1210a4aa583b7d7a2c3402aa79fdca01a5bc8779c2a3ad6b44c511081adc54bf644879b5a29121d512f9b89e69f1e898e6d1573a916038aad8598e1999191916e9881df4bcfa34efacf4d745c8f73456f6e6e9e8c00891b9860a67d843dea1091f02c7d0b6159c4ca9de93b77ee9cd61bd157ad5a350433f763a97db4b91ffb662bd73e61c2842f90d4e0f5f79e9ee918dcce159d8982fdef399e70cc03e07ef9ab58cfac402243e50ef77f5ce42590f46051abf4d3a399ce2a63fbb65dda3724846e606db70a7a3018360906689f131d9e6abdb4af58e77fc3d301d1fb31a7ba77660c1d8881dbe4a653993b05ccbf22e0fb158ab274a71a69c2e5d84a9ce365ceba3b7d1ba2243a43746cdfc663bbf41f290c78270bef8244901e9e27f85e111dbb8e4b984ca38dfdc516d30333fa239ee808e49c1bbd1b1bc528b34a658adcb6bddfe1925f15c0eff14c677610d5b240ca66060b5bbc0fb45a6dff7b4574763dc8d9ff71f6ecd945f81e879b5e9778d7c87630f076e64932a58085fc34ac1924778cb437edc1b5771ef9fa2b9b366d123d09e390e8d821cc6533d956dbd81e5aecdf25e2f739f76e8fa3f13c06fc297801f39cbe534577292b2b1b8968bc53ea3ae57490aded70595d5bb66c9929986dec67874487dbee07eff1aea81fecf9bdeaeaea9136dabd274507cf8fb14c9a9680eeeb73aee8cc28ee0f0fc29a9d8375fc3c2feb2405cfd67544f91f4c9e3c391f6b94bd27641d129df50b77bbca45a223edda8ebdbb3479623e06fa9ce898589bc1edcfa26b420ee2fdd8d8d8c99c81ec7cd18d8db0e83c353535027be21ab8fde7b067675b33c381c8fc02ee41b743e81ae48ca364886d34cbeedab1fbe5d2c3d62c35d4c5164dc14bb932681a8dc674df5b30db5708da352479cc3ea18272b91cbbab05650d695db30f37f78ef3a9d8fd0cc3802d65f7d79182bd80bb6f17c054979e9e5ebe7dfbf6e1826b1927689765f37e5e1f8061c259adebc8565d856b77ebc3572b14bd0ff7f9c7ef5a5151d13288cc9e0333bc5c81cf1acc84eb3cd1b114fdfac7ef618f5a24d1e5e0424e80ddbeb4fb90011e9eb88620cff8748c1cd33f4519125d2675b6e6db151d49a5b532edfd94c5487439f40303036d8a8eede175dc6d7b568ead3e5086449723025e966429dc1710d99ec69acd324d9f21edfb19dcfedbd8cab07bcbd3e5d8e923651e61d7c239d8cb25f4210244800810813b04dedddee0facaf26ac59e8814852e3841513f334ea10d8c53d407c62aeafd63147533548a97a6450ab3735d6b360c6e56e72b74b3340a6d50bc428bfa86ba01310aad5fb4e280265ff8fcc0d9a76b071cce2856342813d176bc421774b75d2dda463f44091592cf1102679f7c76e081f8dcdcc6f0a437f64426ebb50131fadd7e73ef1ebef88e63d7f428fd4b9343a5cfc8b97455d5a85a12e71f6b98a5fea47e663cea455bd5c580d11f88cfd923eddfbbdbb433f646a56ed085245cd085a8f97559fb7ed1bc47a01db95caad3397fc9d0e6b8ecb37533e6580a6d2e7af7f75d3e51faed5e6116a2d7f9a9d276fbcfbd613148387577fb42f4044bd1eb02637de04daeb073f6ea6b034874a78cd616759eebbea8b40e39d0992852d1f7c76426d7f9cef9c69e6086f312d14f2cabf6c6ef7f975517f54974a7488eb7250a2af2e50acec4a9c34cdfe175c7bd9f6feaf4a80f8abb2857b43ba2e79adc3bd668ad96e71104bf615d27f7ee0cdd1bc312dba5a2c1dd7ebf273cb9a323b30c476947a7d9d19efe40c7a1e402f60eb70b9685422bc121ecdea8b40f0fa7145ad4eb84ad76d839b978157b0cdaa53926cb1d03c62a6e680c9b77a55593dfd191c5da2e33d960fde8b8bf6cab33aef9176de38d27368f6a546abeb4142efad66f1f5e9723074c6364f20e0b2f01c15b34f9a657896cd968cb2e2da9f3b18c2120f8f9d6e4057df98e9e1c2c7dbbcca1d4424fcc6a8bd9d69ab4e086dc5eef8b4a3d2a1930fabd73d36d3dd96332dd1497fd84e5ee608e5e1b14572ab76d2ae7208196845c4f6d60ac85e86d19c53d11fd98b97008b4f4cdea3c76bbd6eee7e59295a7ccebb29d033c4789dd8a54a077044e57ae1d73746145d791054bba8fa55d27caaaa4af4a091b39b5f491e7eed6858d828aae53958f79c9e9d5e9caea2588094c6d77e62fee3a5e56c57bac5b8e392a4304888090c0b1a265230f262fd0b526e6771f79baf6fb4baa9d85ec774f3e93dc929063b2df9298a73b5e58f900b30f0f93d58abf59db2df3f27407d4b9bab6fb4ba29cd536d9111040dad593a55beb1075b38345e26d198b64afe9f6c09e7ca87a6d1dd2b6ccaea10dacdbc6342c5bd38ded1afec5febf31621eade9f6a0f6f6fca1b4224fe95eb935a9c069a21f2d5ebe9665f04c011bc4c51edf909cc1aea182e5f28de798f0b84143a2f756547bf5df5cbf75ec9e88e46b9208fc667b7659acbdbaf6ce1f99bfd41d398013d27d7c7b56097bf5da056d58edd3f7abd22fbdbd7597f4b1697b4dd1f99e12d83b3bc562ebc40600b671d771a7ed5043a8a6b621545ddb1076f7d029d5b5f5a11ac34b175887cbadcea38e3638beb63174de2569b60e5bba5bafaddd6858b74faf785ca133dc8d33bb93e7a7d243f8af744acd8be66d1abeb3be8427aeeee9f551790e81fdb1d96a61eebc7b9d37ccd6eec37027ce778e21f75e1f18b3d7fc9cc5774efe7cbf2ae39cb10be7d6d5ba62c07572dbe6b46bb0ed3f9772efce18c527ca56f66f51e7bf2ef7a68b21e8f2531944dfe51db143eecd160c96cf3bf39758bceafcdae39b827541f157e5daa0bb6cce50bcdb06b656e30fc465bf2d47f89e8a6ed815f8477fbe736a24f7ddf6664dbeaa41a9f95a4edb24ba134567a60ea715b921b8aada1396f8169e5eb9ce72f22c45ab0d8cb1387623d58adf0c33bd499571fcce7956cebc6cacbe3e28fe667d70c2e57daaf46d07930a2dfe6f3a69d75f5ebcca0bf701f6e1c999cb68fb7b5ebbec37f489dcbb937537997bef79adf7f1e215cab6dcc538ca2d8ec33965f8bbcc7027ec7066c9a4f6dc0795ed28c30e63d9f6bc079567d63c1de848ffce3ef94c4847de12ab76996db4e5e7884daa43048800112002448008100122400488001120024480081001224004880011200244800810012240048800112002448008100122400488001120024480081001224004880011200244800810012240048800112002448008100122400488001120024480081001224004880011f88109fc1fce517b949af1c8290000000049454e44ae426082, 3921, 'olympicsc_logo.png', 'image/png');

-- --------------------------------------------------------

--
-- Table structure for table `logoinfo`
--

CREATE TABLE IF NOT EXISTS `logoinfo` (
  `idlogoinfo` int(10) unsigned NOT NULL AUTO_INCREMENT,
  `title` varchar(75) COLLATE utf8_danish_ci NOT NULL,
  `upload_date` datetime NOT NULL,
  `hitcount` int(10) unsigned NOT NULL,
  `file_name` varchar(150) COLLATE utf8_danish_ci NOT NULL,
  `content_type` varchar(45) COLLATE utf8_danish_ci NOT NULL,
  `logo_id` int(10) unsigned NOT NULL,
  `thumbnail_id` int(10) unsigned NOT NULL,
  `uploader` int(10) unsigned NOT NULL,
  PRIMARY KEY (`idlogoinfo`)
) ENGINE=InnoDB DEFAULT CHARSET=utf8 COLLATE=utf8_danish_ci AUTO_INCREMENT=1 ;

--
-- Dumping data for table `logoinfo`
--


-- --------------------------------------------------------

--
-- Table structure for table `logothumb`
--

CREATE TABLE IF NOT EXISTS `logothumb` (
  `idlogothumb` int(10) unsigned NOT NULL AUTO_INCREMENT,
  `data` blob NOT NULL,
  `size` bigint(20) unsigned NOT NULL,
  PRIMARY KEY (`idlogothumb`)
) ENGINE=InnoDB DEFAULT CHARSET=utf8 COLLATE=utf8_danish_ci AUTO_INCREMENT=1 ;

--
-- Dumping data for table `logothumb`
--


-- --------------------------------------------------------

--
-- Table structure for table `user`
--

CREATE TABLE IF NOT EXISTS `user` (
  `iduser` int(11) NOT NULL AUTO_INCREMENT,
  `firstname` varchar(50) COLLATE utf8_danish_ci DEFAULT NULL,
  `lastname` varchar(90) COLLATE utf8_danish_ci DEFAULT NULL,
  `shortname` varchar(45) COLLATE utf8_danish_ci NOT NULL,
  `employeeId` varchar(10) COLLATE utf8_danish_ci DEFAULT NULL,
  `mail` varchar(75) COLLATE utf8_danish_ci DEFAULT NULL,
  `department` varchar(45) COLLATE utf8_danish_ci DEFAULT NULL,
  `phone` varchar(11) COLLATE utf8_danish_ci DEFAULT NULL,
  `admin` tinyint(1) DEFAULT NULL,
  `shirtsize` varchar(4) COLLATE utf8_danish_ci DEFAULT NULL,
  `password` varchar(45) COLLATE utf8_danish_ci DEFAULT NULL,
  `personaleforening` tinyint(1) unsigned zerofill DEFAULT '0',
  `firstlogin` tinyint(1) NOT NULL DEFAULT '1',
  `partnerwish` varchar(45) COLLATE utf8_danish_ci DEFAULT NULL,
  PRIMARY KEY (`iduser`)
) ENGINE=InnoDB  DEFAULT CHARSET=utf8 COLLATE=utf8_danish_ci AUTO_INCREMENT=5534 ;

--
-- Dumping data for table `user`
--

INSERT INTO `user` (`iduser`, `firstname`, `lastname`, `shortname`, `employeeId`, `mail`, `department`, `phone`, `admin`, `shirtsize`, `password`, `personaleforening`, `firstlogin`, `partnerwish`) VALUES
(5527, 'Martin', 'Hylleberg', 'mah', '2020743', 'mhylleberg@csc.com', 'CCS', '61791394', 1, '42', 'mah', 1, 0, NULL),
(5528, 'Sune', 'Håkonsson', 'sxh', '2020152', 'shaakons@csc.com', 'OCW', 'NA', 0, 'XXXL', NULL, 1, 0, NULL),
(5531, NULL, NULL, 'rni', NULL, NULL, NULL, NULL, 1, '', NULL, 0, 1, NULL),
(5532, NULL, NULL, 'aha', NULL, NULL, NULL, NULL, 1, '', NULL, 0, 1, NULL),
(5533, 'Brit Pape', 'Jensen', 'bpj', NULL, 'bjensen7@csc.com', 'Finance', '29237137', 1, '14', NULL, 1, 0, NULL);

-- --------------------------------------------------------

--
-- Table structure for table `user_has_activity`
--

CREATE TABLE IF NOT EXISTS `user_has_activity` (
  `user_iduser` int(11) NOT NULL,
  `activity_idactivity` int(11) NOT NULL,
  PRIMARY KEY (`user_iduser`,`activity_idactivity`),
  KEY `fk_user_has_activity_user1` (`user_iduser`),
  KEY `fk_user_has_activity_activity1` (`activity_idactivity`)
) ENGINE=InnoDB DEFAULT CHARSET=utf8 COLLATE=utf8_danish_ci;

--
-- Dumping data for table `user_has_activity`
--

INSERT INTO `user_has_activity` (`user_iduser`, `activity_idactivity`) VALUES
(5527, 1),
(5527, 7),
(5527, 8),
(5527, 19),
(5533, 7),
(5533, 18),
(5533, 19),
(5533, 23);

-- --------------------------------------------------------

--
-- Table structure for table `user_has_event`
--

CREATE TABLE IF NOT EXISTS `user_has_event` (
  `user_iduser` int(11) NOT NULL,
  `event_idevent` int(11) NOT NULL,
  PRIMARY KEY (`user_iduser`,`event_idevent`),
  KEY `fk_user_has_event_user` (`user_iduser`),
  KEY `fk_user_has_event_event1` (`event_idevent`)
) ENGINE=InnoDB DEFAULT CHARSET=utf8 COLLATE=utf8_danish_ci;

--
-- Dumping data for table `user_has_event`
--

INSERT INTO `user_has_event` (`user_iduser`, `event_idevent`) VALUES
(5527, 439),
(5528, 439),
(5533, 439);

--
-- Constraints for dumped tables
--

--
-- Constraints for table `activity`
--
ALTER TABLE `activity`
  ADD CONSTRAINT `fk_activity_location1` FOREIGN KEY (`location_idlocation`) REFERENCES `location` (`idlocation`) ON DELETE SET NULL ON UPDATE CASCADE;

--
-- Constraints for table `event`
--
ALTER TABLE `event`
  ADD CONSTRAINT `fk_event_location1` FOREIGN KEY (`location_idlocation`) REFERENCES `location` (`idlocation`) ON DELETE NO ACTION ON UPDATE NO ACTION,
  ADD CONSTRAINT `fk_event_logo1` FOREIGN KEY (`logo_idlogo`) REFERENCES `logo` (`idLogo`) ON DELETE NO ACTION ON UPDATE NO ACTION;

--
-- Constraints for table `event_has_activity`
--
ALTER TABLE `event_has_activity`
  ADD CONSTRAINT `FK_event_has_activity_1` FOREIGN KEY (`event_idevent`) REFERENCES `event` (`idevent`),
  ADD CONSTRAINT `FK_event_has_activity_2` FOREIGN KEY (`activitiy_idactivity`) REFERENCES `activity` (`idactivity`);

--
-- Constraints for table `user_has_activity`
--
ALTER TABLE `user_has_activity`
  ADD CONSTRAINT `fk_user_has_activity_activity1` FOREIGN KEY (`activity_idactivity`) REFERENCES `activity` (`idactivity`) ON DELETE NO ACTION ON UPDATE NO ACTION,
  ADD CONSTRAINT `fk_user_has_activity_user1` FOREIGN KEY (`user_iduser`) REFERENCES `user` (`iduser`) ON DELETE NO ACTION ON UPDATE NO ACTION;

--
-- Constraints for table `user_has_event`
--
ALTER TABLE `user_has_event`
  ADD CONSTRAINT `fk_user_has_event_event1` FOREIGN KEY (`event_idevent`) REFERENCES `event` (`idevent`) ON DELETE CASCADE ON UPDATE NO ACTION,
  ADD CONSTRAINT `fk_user_has_event_user` FOREIGN KEY (`user_iduser`) REFERENCES `user` (`iduser`) ON DELETE NO ACTION ON UPDATE NO ACTION;

/*!40101 SET CHARACTER_SET_CLIENT=@OLD_CHARACTER_SET_CLIENT */;
/*!40101 SET CHARACTER_SET_RESULTS=@OLD_CHARACTER_SET_RESULTS */;
/*!40101 SET COLLATION_CONNECTION=@OLD_COLLATION_CONNECTION */;
